Row ID,Order ID,Order Date,Ship Date,Ship Mode,Customer ID,Customer Name,Segment,Country,City,State,Postal Code,Region,Product ID,Category,Sub-Category,Product Name,Sales,Quantity,Discount,Profit,Days Since First Order,lag_sales_1,lag_profit_1,rolling_sales_mean_3,rolling_profit_mean_3,cohort,churn
79,US-2014-147606,2014-11-26,2014-12-01,Second Class,JE-15745,Joel Eaton,Consumer,United States,Houston,Texas,77070,Central,FUR-FU-10003194,Furniture,Furnishings,"Eldon Expressions Desk Accessory, Wood Pencil Holder, Oak",19.3,5,0.6,-14.475,0,97.04,1.213,316.09200000000004,-42.551066666666664,0,0
178,US-2015-101511,2015-11-21,2015-11-23,Second Class,JE-15745,Joel Eaton,Consumer,United States,Newark,Ohio,43055,East,FUR-CH-10004698,Furniture,Chairs,"Padded Folding Chairs, Black, 4/Carton",396.802,7,0.3,-11.3372,360,19.3,-14.475,171.04733333333334,-8.199733333333333,12,0
235,US-2017-100930,2017-04-07,2017-04-12,Standard Class,CS-12400,Christopher Schild,Home Office,United States,Tampa,Florida,33614,South,FUR-FU-10004017,Furniture,Furnishings,"Tenex Contemporary Contur Chairmats for Low and Medium Pile Carpet, Computer, 39"" x 49""",258.072,3,0.2,0.0,0,620.6145,-248.2458,370.8488333333333,-116.76460000000002,0,1
242,CA-2016-157749,2016-06-04,2016-06-09,Second Class,KL-16645,Ken Lonsdale,Consumer,United States,Chicago,Illinois,60610,Central,FUR-TA-10002607,Furniture,Tables,KI Conference Tables,177.225,5,0.5,-120.513,680,11.688,-4.6752,202.86433333333332,-160.63873333333333,23,1
243,CA-2016-157749,2016-06-04,2016-06-09,Second Class,KL-16645,Ken Lonsdale,Consumer,United States,Chicago,Illinois,60610,Central,FUR-FU-10002505,Furniture,Furnishings,Eldon 100 Class Desk Accessories,4.044,3,0.6,-2.8308,680,177.225,-120.513,64.319,-42.673,23,1
296,CA-2014-111451,2014-12-26,2014-12-28,First Class,KL-16555,Kelly Lampkin,Corporate,United States,Colorado Springs,Colorado,80906,West,FUR-FU-10002918,Furniture,Furnishings,Eldon ClusterMat Chair Mat with Cordless Antistatic Protection,218.352,3,0.2,-24.5646,194,230.352,20.1558,249.70666666666668,24.8168,6,0
312,CA-2016-142902,2016-09-12,2016-09-14,Second Class,BP-11185,Ben Peterman,Corporate,United States,Arvada,Colorado,80004,West,FUR-FU-10001756,Furniture,Furnishings,"Eldon Expressions Desk Accessory, Wood Photo Frame, Mahogany",15.232,1,0.2,1.7136,381,466.768,52.5114,165.712,19.273266666666668,13,0
414,CA-2017-117457,2017-12-08,2017-12-12,Standard Class,KH-16510,Keith Herrera,Consumer,United States,San Francisco,California,94110,West,FUR-CH-10003956,Furniture,Chairs,Novimex High-Tech Fabric Mesh Task Chair,113.568,2,0.2,-18.4548,904,1336.829,31.4548,818.1403333333333,-33.317566666666664,30,0
499,CA-2016-126158,2016-07-25,2016-07-31,Standard Class,SC-20095,Sanjit Chand,Consumer,United States,Costa Mesa,California,92627,West,FUR-CH-10002602,Furniture,Chairs,DMI Arturo Collection Mission-style Design Wood Chair,241.568,2,0.2,18.1176,894,255.76,81.8432,208.96533333333332,25.222266666666666,29,1
500,CA-2016-126158,2016-07-25,2016-07-31,Standard Class,SC-20095,Sanjit Chand,Consumer,United States,Costa Mesa,California,92627,West,FUR-FU-10000073,Furniture,Furnishings,Deflect-O Glasstique Clear Desk Accessories,69.3,9,0.0,22.869,894,241.568,18.1176,188.876,40.943266666666666,29,1
621,CA-2017-117947,2017-08-18,2017-08-23,Second Class,NG-18355,Nat Gilpin,Corporate,United States,New York City,New York,10011,East,FUR-FU-10000521,Furniture,Furnishings,"Seth Thomas 14"" Putty-Colored Wall Clock",88.02,3,0.0,27.2862,703,9.94,3.0814,46.14666666666667,15.384933333333334,23,1
671,US-2017-106663,2017-06-09,2017-06-13,Standard Class,MO-17800,Meg O'Connel,Home Office,United States,Chicago,Illinois,60653,Central,FUR-TA-10000688,Furniture,Tables,"Chromcraft Bull-Nose Wood Round Conference Table Top, Wood Base",108.925,1,0.5,-71.8905,565,23.976,-14.3856,56.15366666666667,-24.728566666666666,19,1
830,CA-2017-129462,2017-06-16,2017-06-21,Second Class,JE-15745,Joel Eaton,Consumer,United States,Florence,Kentucky,41042,South,FUR-CH-10000665,Furniture,Chairs,"Global Airflow Leather Mesh Back Chair, Black",301.96,2,0.0,90.588,933,396.802,-11.3372,239.354,21.59193333333333,31,0
916,US-2014-141215,2014-06-15,2014-06-21,Standard Class,KL-16555,Kelly Lampkin,Corporate,United States,San Antonio,Texas,78207,Central,FUR-TA-10001520,Furniture,Tables,"Lesro Sheffield Collection Coffee Table, End Table, Center Table, Corner Table",99.918,2,0.3,-18.5562,0,218.352,-24.5646,182.87400000000002,-7.655,0,0
917,US-2014-141215,2014-06-15,2014-06-21,Standard Class,KL-16555,Kelly Lampkin,Corporate,United States,San Antonio,Texas,78207,Central,FUR-CH-10003379,Furniture,Chairs,Global Commerce Series High-Back Swivel/Tilt Chairs,797.944,4,0.3,-56.996,0,99.918,-18.5562,372.0713333333333,-33.37226666666667,0,0
947,US-2015-140200,2015-07-26,2015-07-28,First Class,CA-12775,Cynthia Arntzen,Consumer,United States,Mesa,Arizona,85204,West,FUR-TA-10002356,Furniture,Tables,Bevis Boat-Shaped Conference Table,393.165,3,0.5,-204.4458,393,1228.465,0.0,544.9193333333333,-66.89049999999999,13,1
950,US-2017-110576,2017-11-28,2017-12-02,Standard Class,RB-19795,Ross Baird,Home Office,United States,Philadelphia,Pennsylvania,19120,East,FUR-TA-10004154,Furniture,Tables,"Riverside Furniture Oval Coffee Table, Oval End Table, End Table with Drawer",2065.32,12,0.4,-619.596,0,1007.232,75.5424,1196.3466666666666,-185.65526666666665,0,0
1046,CA-2017-152702,2017-10-12,2017-10-16,Standard Class,SN-20710,Steve Nguyen,Home Office,United States,Rockford,Illinois,61107,Central,FUR-CH-10002304,Furniture,Chairs,"Global Stack Chair without Arms, Black",254.604,14,0.3,-18.186,655,212.058,-15.147,333.0204,-26.7698,22,0
1178,CA-2016-113621,2016-12-01,2016-12-05,Standard Class,JE-15745,Joel Eaton,Consumer,United States,Rockville,Maryland,20852,East,FUR-CH-10001270,Furniture,Chairs,Harbour Creations Steel Folding Chair,172.5,2,0.0,51.75,736,301.96,90.588,290.4206666666667,43.66693333333333,25,0
1195,US-2015-130519,2015-09-15,2015-09-15,Same Day,NG-18355,Nat Gilpin,Corporate,United States,Coral Springs,Florida,33065,South,FUR-FU-10002268,Furniture,Furnishings,Ultra Door Push Plate,15.712,4,0.2,2.5532,0,88.02,27.2862,37.89066666666667,10.9736,0,1
1197,US-2015-130519,2015-09-15,2015-09-15,Same Day,NG-18355,Nat Gilpin,Corporate,United States,Coral Springs,Florida,33065,South,FUR-FU-10003394,Furniture,Furnishings,"Tenex ""The Solids"" Textured Chair Mats",55.968,1,0.2,-2.0988,0,15.712,2.5532,53.23333333333333,9.246866666666667,0,1
1199,CA-2016-130946,2016-04-08,2016-04-12,Standard Class,ZC-21910,Zuschuss Carroll,Consumer,United States,Houston,Texas,77041,Central,FUR-CH-10004540,Furniture,Chairs,Global Chrome Stack Chair,95.984,4,0.3,-4.1136,543,102.36,-3.8385,498.9646666666667,101.2333,18,0
1230,CA-2017-100013,2017-11-06,2017-11-11,Standard Class,ZC-21910,Zuschuss Carroll,Consumer,United States,Los Angeles,California,90045,West,FUR-FU-10001424,Furniture,Furnishings,Dax Clear Box Frame,8.73,1,0.0,2.9682,1120,95.984,-4.1136,69.02466666666666,-1.6613,37,0
1238,CA-2016-144344,2016-10-28,2016-10-28,Same Day,PG-18820,Patrick Gardner,Consumer,United States,Boynton Beach,Florida,33437,South,FUR-FU-10003553,Furniture,Furnishings,"Howard Miller 13-1/2"" Diameter Rosebrook Wall Clock",165.048,3,0.2,41.262,57,63.968,0.0,92.32266666666668,18.3494,1,1
1248,CA-2014-168494,2014-12-12,2014-12-14,Second Class,NP-18700,Nora Preis,Consumer,United States,Fresno,California,93727,West,FUR-BO-10004467,Furniture,Bookcases,Bestar Classic Bookcase,254.9745,3,0.15,11.9988,0,3610.848,135.4068,1543.5035,80.9972,0,1
1314,US-2016-134488,2016-09-24,2016-10-01,Standard Class,PK-19075,Pete Kriz,Consumer,United States,Columbus,Ohio,43229,East,FUR-CH-10003199,Furniture,Chairs,Office Star - Contemporary Task Swivel Chair,155.372,2,0.3,-13.3176,19,242.94,29.1528,136.84400000000002,6.500399999999999,0,1
1355,CA-2017-162978,2017-05-04,2017-05-09,Standard Class,LW-16990,Lindsay Williams,Corporate,United States,San Francisco,California,94109,West,FUR-TA-10003473,Furniture,Tables,Bretford Rectangular Conference Table Tops,300.904,1,0.2,11.2839,364,31.984,1.999,218.15199999999996,13.8067,12,0
1412,CA-2016-136329,2016-07-09,2016-07-13,Standard Class,JD-15895,Jonathan Doherty,Corporate,United States,New York City,New York,10035,East,FUR-CH-10002335,Furniture,Chairs,Hon GuestStacker Chair,408.006,2,0.1,72.5344,166,77.6,38.024,189.46866666666665,40.3028,6,1
1413,CA-2016-136329,2016-07-09,2016-07-13,Standard Class,JD-15895,Jonathan Doherty,Corporate,United States,New York City,New York,10035,East,FUR-FU-10000723,Furniture,Furnishings,"Deflect-o EconoMat Studded, No Bevel Mat for Low Pile Carpeting",165.28,4,0.0,14.8752,166,408.006,72.5344,216.962,41.81120000000001,6,1
1439,CA-2015-139731,2015-10-15,2015-10-15,Same Day,JE-15745,Joel Eaton,Consumer,United States,Amarillo,Texas,79109,Central,FUR-CH-10002024,Furniture,Chairs,HON 5400 Series Task Chairs for Big and Tall,2453.43,5,0.3,-350.49,323,172.5,51.75,975.9633333333333,-69.384,11,0
1571,US-2014-157385,2014-11-23,2014-11-25,First Class,SC-20095,Sanjit Chand,Consumer,United States,Los Angeles,California,90004,West,FUR-CH-10000863,Furniture,Chairs,Novimex Swivel Fabric Task Chair,603.92,5,0.2,-67.941,284,69.3,22.869,304.9293333333333,-8.984800000000002,9,1
1574,US-2014-157385,2014-11-23,2014-11-25,First Class,SC-20095,Sanjit Chand,Consumer,United States,Los Angeles,California,90004,West,FUR-CH-10000595,Furniture,Chairs,Safco Contoured Stacking Chairs,381.44,2,0.2,23.84,284,603.92,-67.941,351.55333333333334,-7.077333333333335,9,1
1584,CA-2015-131338,2015-08-09,2015-08-12,First Class,NP-18325,Naresj Patel,Consumer,United States,New York City,New York,10024,East,FUR-FU-10002157,Furniture,Furnishings,Artistic Insta-Plaque,47.04,3,0.0,18.3456,414,382.806,-153.1224,177.952,-40.0718,14,1
1585,CA-2015-131338,2015-08-09,2015-08-12,First Class,NP-18325,Naresj Patel,Consumer,United States,New York City,New York,10024,East,FUR-FU-10001706,Furniture,Furnishings,Longer-Life Soft White Bulbs,6.16,2,0.0,2.9568,414,47.04,18.3456,145.33533333333332,-43.940000000000005,14,1
1658,CA-2014-127159,2014-05-12,2014-05-15,First Class,HL-15040,Hunter Lopez,Consumer,United States,Milwaukee,Wisconsin,53209,Central,FUR-FU-10000010,Furniture,Furnishings,"DAX Value U-Channel Document Frames, Easel Back",34.79,7,0.0,10.7849,112,1067.94,224.2674,380.4433333333333,82.21076666666667,4,1
1751,CA-2015-139094,2015-11-22,2015-11-27,Standard Class,MO-17800,Meg O'Connel,Home Office,United States,San Antonio,Texas,78207,Central,FUR-TA-10004607,Furniture,Tables,Hon 2111 Invitation Series Straight Table,206.962,2,0.3,-32.5226,0,108.925,-71.8905,113.28766666666667,-39.59956666666667,0,1
1815,CA-2015-131597,2015-09-14,2015-09-18,Standard Class,SP-20620,Stefania Perrino,Corporate,United States,Los Angeles,California,90045,West,FUR-TA-10002607,Furniture,Tables,KI Conference Tables,170.136,3,0.2,-8.5068,0,17.024,1.7024,109.51066666666668,-18.424933333333332,0,0
1827,CA-2016-167507,2016-12-22,2016-12-28,Standard Class,SA-20830,Sue Ann Reed,Consumer,United States,Redmond,Oregon,97756,West,FUR-FU-10002878,Furniture,Furnishings,"Seth Thomas 14"" Day/Date Wall Clock",22.784,1,0.2,4.8416,606,11.84,3.108,122.52133333333335,29.28506666666667,20,1
1833,CA-2015-131422,2015-11-05,2015-11-09,Standard Class,GB-14530,George Bell,Corporate,United States,Monroe,North Carolina,28110,South,FUR-CH-10001270,Furniture,Chairs,Harbour Creations Steel Folding Chair,207.0,3,0.2,25.875,55,211.96,42.392,204.71466666666666,29.261800000000004,2,1
1890,CA-2014-142587,2014-10-21,2014-10-22,First Class,TB-21520,Tracy Blumstein,Consumer,United States,Fairfield,Ohio,45014,East,FUR-TA-10000617,Furniture,Tables,"Hon Practical Foundations 30 x 60 Training Table, Light Gray/Charcoal",409.59,3,0.4,-122.877,0,124.2,15.525,1205.74,-590.8014000000001,0,1
1934,CA-2017-161200,2017-08-06,2017-08-10,Second Class,SV-20365,Seth Vernon,Consumer,United States,Lafayette,Louisiana,70506,South,FUR-FU-10001706,Furniture,Furnishings,Longer-Life Soft White Bulbs,15.4,5,0.0,7.392,1303,145.74,23.3184,57.02666666666667,11.263933333333334,43,1
1954,CA-2017-157987,2017-09-02,2017-09-06,Standard Class,AC-10615,Ann Chong,Corporate,United States,New York City,New York,10009,East,FUR-CH-10003379,Furniture,Chairs,Global Commerce Series High-Back Swivel/Tilt Chairs,1282.41,5,0.1,213.735,0,254.526,-93.3262,516.1586666666667,41.290266666666675,0,0
2054,CA-2015-142237,2015-07-11,2015-07-13,First Class,CK-12595,Clytie Kelty,Consumer,United States,Philadelphia,Pennsylvania,19134,East,FUR-FU-10003142,Furniture,Furnishings,"Master Big Foot Doorstop, Beige",25.344,6,0.2,3.4848,197,341.488,-73.176,218.87733333333335,-11.1554,7,1
2070,CA-2015-133452,2015-04-13,2015-04-19,Standard Class,ZC-21910,Zuschuss Carroll,Consumer,United States,Pomona,California,91767,West,FUR-TA-10003954,Furniture,Tables,Hon 94000 Series Round Tables,710.832,3,0.2,-97.7394,182,8.73,2.9682,271.84866666666665,-32.9616,6,0
2093,CA-2014-145926,2014-11-17,2014-11-21,Standard Class,MP-17470,Mark Packer,Home Office,United States,Moorhead,Minnesota,56560,Central,FUR-CH-10004289,Furniture,Chairs,Global Super Steno Chair,479.9,5,0.0,81.583,232,626.352,46.9764,668.4626666666667,80.31713333333333,8,1
2182,CA-2016-128818,2016-05-07,2016-05-11,Standard Class,CJ-12010,Caroline Jumper,Consumer,United States,New York City,New York,10009,East,FUR-CH-10002084,Furniture,Chairs,Hon Mobius Operator's Chair,442.764,4,0.1,59.0352,58,176.784,-22.098,210.39866666666668,13.428666666666667,2,1
2185,CA-2016-128818,2016-05-07,2016-05-11,Standard Class,CJ-12010,Caroline Jumper,Consumer,United States,New York City,New York,10009,East,FUR-FU-10001940,Furniture,Furnishings,Staple-based wall hangings,63.68,8,0.0,28.0192,58,442.764,59.0352,227.74266666666665,21.652133333333335,2,1
2205,CA-2015-128860,2015-06-29,2015-07-05,Standard Class,SC-20725,Steven Cartwright,Consumer,United States,Lancaster,Pennsylvania,17602,East,FUR-FU-10001473,Furniture,Furnishings,"Eldon Executive Woodline II Desk Accessories, Mahogany",20.104,1,0.2,1.7591,391,515.88,113.4936,194.34133333333332,44.53276666666667,12,1
2257,CA-2016-164091,2016-09-17,2016-09-22,Standard Class,LA-16780,Laura Armstrong,Corporate,United States,Bangor,Maine,4401,East,FUR-FU-10004952,Furniture,Furnishings,"C-Line Cubicle Keepers Polyproplyene Holder w/Velcro Back, 8-1/2x11, 25/Bx",109.48,2,0.0,33.9388,872,124.11,52.1262,362.8433333333333,99.93333333333334,29,1
2276,CA-2014-157882,2014-10-03,2014-10-08,Second Class,AR-10405,Allen Rosenblatt,Corporate,United States,Los Angeles,California,90036,West,FUR-CH-10002774,Furniture,Chairs,"Global Deluxe Stacking Chair, Gray",122.352,3,0.2,13.7646,0,143.432,3.5858,584.736,-93.4448,0,1
2282,CA-2017-142622,2017-10-30,2017-11-02,First Class,JK-15625,Jim Karlsson,Consumer,United States,Seattle,Washington,98115,West,FUR-BO-10004467,Furniture,Bookcases,Bestar Classic Bookcase,199.98,2,0.0,37.9962,1057,614.272,-23.0352,303.94,2.9543333333333344,34,0
2297,CA-2015-113145,2015-11-01,2015-11-05,Standard Class,VD-21670,Valerie Dominguez,Consumer,United States,New York City,New York,10011,East,FUR-FU-10000965,Furniture,Furnishings,"Howard Miller 11-1/2"" Diameter Ridgewood Wall Clock",259.7,5,0.0,106.477,246,389.696,43.8408,270.3213333333333,40.681133333333335,9,1
2304,CA-2017-157931,2017-09-17,2017-09-22,Second Class,MO-17800,Meg O'Connel,Home Office,United States,Roswell,Georgia,30076,South,FUR-CH-10000785,Furniture,Chairs,Global Ergonomic Managers Chair,723.92,4,0.0,188.2192,665,206.962,-32.5226,346.6023333333333,27.935366666666667,22,1
2306,CA-2016-115574,2016-12-23,2016-12-24,First Class,BP-11185,Ben Peterman,Corporate,United States,Chicago,Illinois,60623,Central,FUR-BO-10003441,Furniture,Bookcases,"Bush Westfield Collection Bookcases, Fully Assembled",141.372,2,0.3,-14.1372,483,15.232,1.7136,207.79066666666665,13.3626,16,0
2348,CA-2016-159373,2016-03-13,2016-03-18,Standard Class,LT-17110,Liz Thompson,Consumer,United States,San Antonio,Texas,78207,Central,FUR-TA-10004619,Furniture,Tables,Hon Non-Folding Utility Tables,557.585,5,0.3,0.0,651,22.2,9.102,309.57099999999997,14.664933333333332,21,1
2360,US-2014-148838,2014-03-17,2014-03-21,Standard Class,CP-12340,Christine Phan,Corporate,United States,New York City,New York,10024,East,FUR-TA-10004175,Furniture,Tables,"Hon 30"" x 60"" Table with Locking Drawer",613.908,3,0.4,-122.7816,0,1071.576,-553.6476,1088.41,-374.6746333333333,0,1
2369,US-2016-129469,2016-09-23,2016-09-27,Standard Class,KL-16555,Kelly Lampkin,Corporate,United States,Fairfield,Ohio,45014,East,FUR-FU-10002298,Furniture,Furnishings,"Rubbermaid ClusterMat Chairmats, Mat Size- 66"" x 60"", Lip 20"" x 11"" -90 Degree Angle",532.704,6,0.2,-26.6352,831,797.944,-56.996,476.85533333333325,-34.06246666666667,27,0
2416,CA-2015-146087,2015-07-06,2015-07-11,Standard Class,PP-18955,Paul Prost,Home Office,United States,Holyoke,Massachusetts,1040,East,FUR-BO-10002824,Furniture,Bookcases,Bush Mission Pointe Library,301.96,2,0.0,60.392,301,239.98,52.7956,186.92666666666665,40.1156,10,1
2507,CA-2014-143917,2014-07-25,2014-07-27,Second Class,KL-16645,Ken Lonsdale,Consumer,United States,San Francisco,California,94122,West,FUR-FU-10004351,Furniture,Furnishings,Staple-based wall hangings,77.92,8,0.0,34.2848,0,4.044,-2.8308,86.39633333333332,-29.686333333333337,0,1
2537,CA-2015-168746,2015-01-27,2015-01-29,Second Class,SV-20365,Seth Vernon,Consumer,United States,Cleveland,Ohio,44105,East,FUR-CH-10000513,Furniture,Chairs,High-Back Leather Manager's Chair,181.986,2,0.3,-54.5958,381,15.4,7.392,114.37533333333333,-7.9617999999999975,12,1
2547,CA-2017-108070,2017-04-16,2017-04-20,Standard Class,JE-15745,Joel Eaton,Consumer,United States,San Jose,California,95123,West,FUR-BO-10001337,Furniture,Bookcases,O'Sullivan Living Dimensions 2-Shelf Bookcases,102.833,1,0.15,-6.049,872,2453.43,-350.49,909.5876666666667,-101.59633333333333,29,0
2579,US-2014-155502,2014-01-26,2014-01-31,Standard Class,SD-20485,Shirley Daniels,Home Office,United States,Alexandria,Virginia,22304,South,FUR-FU-10004587,Furniture,Furnishings,"GE General Use Halogen Bulbs, 100 Watts, 1 Bulb per Pack",62.82,3,0.0,30.7818,0,470.302,-87.3418,229.29533333333336,-30.890533333333337,0,1
2584,US-2014-155502,2014-01-26,2014-01-31,Standard Class,SD-20485,Shirley Daniels,Home Office,United States,Alexandria,Virginia,22304,South,FUR-FU-10001847,Furniture,Furnishings,Eldon Image Series Black Desk Accessories,12.42,3,0.0,4.4712,0,62.82,30.7818,181.84733333333335,-17.362933333333338,0,1
2634,US-2017-110604,2017-05-15,2017-05-20,Standard Class,JF-15295,Jason Fortune-,Consumer,United States,Seattle,Washington,98103,West,FUR-CH-10004287,Furniture,Chairs,SAFCO Arco Folding Chair,220.96,1,0.2,24.858,398,42.624,4.2624,101.18133333333333,15.434400000000002,13,1
2655,CA-2017-112515,2017-09-17,2017-09-21,Second Class,AS-10225,Alan Schoenberger,Corporate,United States,Provo,Utah,84604,West,FUR-BO-10003404,Furniture,Bookcases,"Global Adaptabilites Bookcase, Cherry/Storm Gray Finish",1292.94,3,0.0,77.5764,1065,545.88,70.9644,621.8733333333333,53.80160000000001,35,1
2703,CA-2014-145317,2014-03-18,2014-03-23,Standard Class,SM-20320,Sean Miller,Home Office,United States,Jacksonville,Florida,32216,South,FUR-FU-10001986,Furniture,Furnishings,"Dana Fluorescent Magnifying Lamp, White, 36""",122.352,3,0.2,15.294,0,30.768,8.0766,226.52333333333334,18.3192,0,1
2738,CA-2015-115798,2015-11-13,2015-11-19,Standard Class,KL-16645,Ken Lonsdale,Consumer,United States,Newark,Delaware,19711,East,FUR-BO-10004467,Furniture,Bookcases,Bestar Classic Bookcase,299.97,3,0.0,56.9943,476,77.92,34.2848,127.31133333333332,29.482766666666663,16,1
2773,CA-2017-158967,2017-12-10,2017-12-12,First Class,BT-11680,Brian Thompson,Consumer,United States,Fort Lauderdale,Florida,33311,South,FUR-FU-10001940,Furniture,Furnishings,Staple-based wall hangings,19.104,3,0.2,5.7312,885,4.656,1.5714,33.78666666666666,11.810866666666668,29,0
2813,CA-2015-135685,2015-11-16,2015-11-18,Second Class,MP-18175,Mike Pelletier,Home Office,United States,Milwaukee,Wisconsin,53209,Central,FUR-TA-10001520,Furniture,Tables,"Lesro Sheffield Collection Coffee Table, End Table, Center Table, Corner Table",214.11,3,0.0,36.3987,598,185.58,76.0878,201.22433333333333,43.09503333333333,20,0
2815,CA-2015-135685,2015-11-16,2015-11-18,Second Class,MP-18175,Mike Pelletier,Home Office,United States,Milwaukee,Wisconsin,53209,Central,FUR-TA-10000688,Furniture,Tables,"Chromcraft Bull-Nose Wood Round Conference Table Top, Wood Base",653.55,3,0.0,111.1035,598,214.11,36.3987,351.08,74.53,20,0
2854,CA-2016-136371,2016-03-19,2016-03-21,Second Class,SV-20935,Susan Vittorini,Consumer,United States,Oceanside,New York,11572,East,FUR-FU-10000221,Furniture,Furnishings,"Master Caster Door Stop, Brown",20.32,4,0.0,6.9088,0,14.98,6.8908,102.78666666666668,-30.291133333333335,0,0
2941,CA-2017-155880,2017-03-25,2017-03-31,Standard Class,JD-16150,Justin Deggeller,Corporate,United States,Milwaukee,Wisconsin,53209,Central,FUR-CH-10000422,Furniture,Chairs,Global Highback Leather Tilter in Burgundy,90.99,1,0.0,14.5584,860,547.136,-68.392,218.98866666666666,-15.934933333333332,28,1
2942,CA-2017-155880,2017-03-25,2017-03-31,Standard Class,JD-16150,Justin Deggeller,Corporate,United States,Milwaukee,Wisconsin,53209,Central,FUR-CH-10004675,Furniture,Chairs,"Lifetime Advantage Folding Chairs, 4/Carton",1526.56,7,0.0,427.4368,860,90.99,14.5584,721.5619999999999,124.5344,28,1
2943,CA-2017-155880,2017-03-25,2017-03-31,Standard Class,JD-16150,Justin Deggeller,Corporate,United States,Milwaukee,Wisconsin,53209,Central,FUR-CH-10002880,Furniture,Chairs,"Global High-Back Leather Tilter, Burgundy",368.97,3,0.0,40.5867,860,1526.56,427.4368,662.1733333333333,160.86063333333334,28,1
2945,CA-2017-126242,2017-11-19,2017-11-24,Standard Class,MC-18100,Mick Crebagga,Consumer,United States,Los Angeles,California,90049,West,FUR-FU-10002685,Furniture,Furnishings,"Executive Impressions 13-1/2"" Indoor/Outdoor Wall Clock",18.7,1,0.0,7.106,1070,7.168,0.9856,263.0493333333333,-4.572133333333333,35,0
2947,CA-2017-169859,2017-12-14,2017-12-18,Standard Class,MP-18175,Mike Pelletier,Home Office,United States,San Diego,California,92024,West,FUR-FU-10004963,Furniture,Furnishings,"Eldon 400 Class Desk Accessories, Black Carbon",26.25,3,0.0,11.025,1357,653.55,111.1035,297.96999999999997,52.8424,45,0
2966,CA-2017-137428,2017-12-16,2017-12-21,Second Class,AY-10555,Andy Yotov,Corporate,United States,Oceanside,California,92054,West,FUR-FU-10002445,Furniture,Furnishings,"DAX Two-Tone Rosewood/Black Document Frame, Desktop, 5 x 7",18.96,2,0.0,7.584,1350,97.184,6.074,65.904,7.611466666666666,44,0
3016,US-2015-138919,2015-09-17,2015-09-21,Standard Class,LS-16975,Lindsay Shagiari,Home Office,United States,New York City,New York,10035,East,FUR-TA-10004154,Furniture,Tables,"Riverside Furniture Oval Coffee Table, Oval End Table, End Table with Drawer",344.22,2,0.4,-103.266,0,238.56,26.2416,221.40133333333335,-28.7282,0,0
3018,US-2016-160528,2016-08-23,2016-08-30,Standard Class,MH-18115,Mick Hernandez,Home Office,United States,Pharr,Texas,78577,Central,FUR-FU-10004973,Furniture,Furnishings,Flat Face Poster Frame,22.608,3,0.6,-10.1736,0,43.872,11.5164,24.392,0.6150000000000002,0,1
3022,CA-2015-123568,2015-11-08,2015-11-14,Standard Class,SC-20095,Sanjit Chand,Consumer,United States,West Jordan,Utah,84084,West,FUR-FU-10004090,Furniture,Furnishings,"Executive Impressions 14"" Contract Wall Clock",66.69,3,0.0,22.0077,634,381.44,23.84,350.68333333333334,-7.364433333333335,21,1
3027,CA-2017-169054,2017-04-22,2017-04-26,Standard Class,MO-17800,Meg O'Connel,Home Office,United States,Philadelphia,Pennsylvania,19140,East,FUR-FU-10001488,Furniture,Furnishings,"Tenex 46"" x 60"" Computer Anti-Static Chairmat, Rectangular Shaped",254.352,3,0.2,0.0,517,723.92,188.2192,395.078,51.89886666666666,17,1
3051,US-2017-148054,2017-10-06,2017-10-11,Standard Class,NZ-18565,Nick Zandusky,Home Office,United States,Meridian,Idaho,83642,West,FUR-FU-10003247,Furniture,Furnishings,36X48 HARDFLOOR CHAIRMAT,41.96,2,0.0,2.9372,777,544.008,40.8006,224.3126666666667,-1.6551333333333333,26,0
3099,CA-2017-135692,2017-04-27,2017-05-01,Standard Class,CV-12805,Cynthia Voltz,Corporate,United States,Fort Worth,Texas,76106,Central,FUR-BO-10002268,Furniture,Bookcases,Sauder Barrister Bookcases,220.2656,4,0.32,-42.1096,97,207.846,2.3094,156.69053333333332,-9.6302,3,0
3140,CA-2017-164168,2017-11-12,2017-11-18,Standard Class,LS-16975,Lindsay Shagiari,Home Office,United States,Dallas,Texas,75081,Central,FUR-FU-10001756,Furniture,Furnishings,"Eldon Expressions Desk Accessory, Wood Photo Frame, Mahogany",22.848,3,0.6,-17.7072,787,344.22,-103.266,201.876,-31.5772,26,0
3154,CA-2015-147830,2015-12-15,2015-12-18,First Class,NF-18385,Natalie Fritzler,Consumer,United States,Newark,Ohio,43055,East,FUR-FU-10004091,Furniture,Furnishings,"Howard Miller 13"" Diameter Goldtone Round Wall Clock",262.864,7,0.2,69.0018,672,747.558,-96.1146,625.6073333333333,66.05040000000001,22,0
3157,CA-2015-139584,2015-08-24,2015-08-28,Standard Class,EM-13810,Eleni McCrary,Corporate,United States,New York City,New York,10009,East,FUR-TA-10001539,Furniture,Tables,Chromcraft Rectangular Conference Tables,284.364,2,0.4,-75.8304,39,700.152,78.7671,777.7399999999999,-72.0759,1,1
3168,CA-2016-146682,2016-10-29,2016-10-31,First Class,KW-16435,Katrina Willman,Consumer,United States,Lansing,Michigan,48911,Central,FUR-FU-10002671,Furniture,Furnishings,Electrix 20W Halogen Replacement Bulb for Zoom-In Desk Lamp,67.0,5,0.0,32.16,0,47.12,20.7328,200.92200000000003,46.587733333333325,0,1
3173,US-2016-133879,2016-03-21,2016-03-28,Standard Class,KT-16465,Kean Takahito,Consumer,United States,Chicago,Illinois,60623,Central,FUR-CH-10000665,Furniture,Chairs,"Global Airflow Leather Mesh Back Chair, Black",528.43,5,0.3,0.0,560,933.536,105.0228,535.8446666666666,35.007600000000004,18,1
3231,CA-2017-131625,2017-09-01,2017-09-05,Second Class,BN-11515,Bradley Nguyen,Consumer,United States,New York City,New York,10009,East,FUR-FU-10004960,Furniture,Furnishings,"Seth Thomas 12"" Clock w/ Goldtone Case",114.9,5,0.0,39.066,1080,39.76,12.3256,63.52666666666667,22.159333333333336,36,1
3258,US-2016-161844,2016-12-09,2016-12-14,Second Class,DK-12835,Damala Kotsonis,Corporate,United States,Franklin,Tennessee,37064,South,FUR-TA-10001676,Furniture,Tables,Hon 61000 Series Interactive Training Tables,79.974,3,0.4,-29.3238,747,478.48,47.848,477.1313333333333,81.82953333333334,25,0
3294,CA-2014-106264,2014-12-26,2014-12-30,Standard Class,CK-12595,Clytie Kelty,Consumer,United States,San Diego,California,92024,West,FUR-FU-10001852,Furniture,Furnishings,"Eldon Regeneration Recycled Desk Accessories, Smoke",3.48,2,0.0,1.1136,0,25.344,3.4848,123.43733333333334,-22.8592,0,1
3303,US-2014-159926,2014-11-18,2014-11-22,Standard Class,CS-11950,Carlos Soltero,Consumer,United States,Philadelphia,Pennsylvania,19140,East,FUR-FU-10001473,Furniture,Furnishings,"Eldon Executive Woodline II Desk Accessories, Mahogany",60.312,3,0.2,5.2773,163,585.552,73.194,218.21866666666668,24.252166666666668,5,0
3334,CA-2017-122595,2017-12-14,2017-12-20,Standard Class,GM-14455,Gary Mitchum,Home Office,United States,Chicago,Illinois,60653,Central,FUR-FU-10002963,Furniture,Furnishings,"Master Caster Door Stop, Gray",2.032,1,0.6,-1.3208,1079,63.2,23.384,90.13600000000001,-12.023333333333333,36,0
3352,US-2014-134733,2014-09-23,2014-09-28,Standard Class,BM-11650,Brian Moss,Corporate,United States,San Diego,California,92037,West,FUR-BO-10002916,Furniture,Bookcases,"Rush Hierlooms Collection 1"" Thick Stackable Bookcases",435.999,3,0.15,20.5176,0,46.94,19.2454,222.9956666666667,16.35513333333333,0,0
3375,CA-2015-161718,2015-12-04,2015-12-10,Standard Class,SO-20335,Sean O'Donnell,Consumer,United States,Hempstead,New York,11550,East,FUR-CH-10002372,Furniture,Chairs,Office Star - Ergonomically Designed Knee Chair,364.41,5,0.1,8.098,54,28.44,11.376,450.1425,-121.18566666666668,2,0
3377,CA-2015-161718,2015-12-04,2015-12-10,Standard Class,SO-20335,Sean O'Donnell,Consumer,United States,Hempstead,New York,11550,East,FUR-CH-10002965,Furniture,Chairs,"Global Leather Highback Executive Chair with Pneumatic Height Adjustment, Black",361.764,2,0.1,68.3332,54,364.41,8.098,251.538,29.26906666666667,2,0
3381,CA-2017-103156,2017-11-23,2017-11-24,First Class,TD-20995,Tamara Dahlen,Consumer,United States,Philadelphia,Pennsylvania,19120,East,FUR-FU-10000320,Furniture,Furnishings,OIC Stacking Trays,24.048,9,0.2,7.2144,672,1013.488,76.0116,397.0346666666667,25.822400000000002,22,0
3403,CA-2015-129700,2015-05-04,2015-05-05,First Class,LA-16780,Laura Armstrong,Corporate,United States,Tinley Park,Illinois,60477,Central,FUR-FU-10001940,Furniture,Furnishings,Staple-based wall hangings,22.288,7,0.6,-8.9152,370,109.48,33.9388,85.29266666666668,25.7166,13,1
3409,US-2014-150119,2014-04-23,2014-04-27,Standard Class,LB-16795,Laurel Beltran,Home Office,United States,Columbus,Ohio,43229,East,FUR-FU-10002191,Furniture,Furnishings,G.E. Halogen Desk Lamp Bulbs,22.336,4,0.2,7.8176,0,281.372,-12.0588,195.02666666666667,-5.433333333333334,0,1
3432,CA-2017-148264,2017-12-08,2017-12-09,First Class,LF-17185,Luke Foster,Consumer,United States,Inglewood,California,90301,West,FUR-FU-10002703,Furniture,Furnishings,"Tenex Traditional Chairmats for Hard Floors, Average Lip, 36"" x 48""",128.9,2,0.0,15.468,1231,23.976,-14.3856,178.8276666666667,21.672299999999996,41,0
3439,CA-2017-152583,2017-10-30,2017-10-30,Same Day,RA-19945,Ryan Akin,Consumer,United States,Dallas,Texas,75217,Central,FUR-TA-10002041,Furniture,Tables,"Bevis Round Conference Table Top, X-Base",251.006,2,0.3,-68.1302,1158,16.192,-8.5008,147.0855,-62.46516666666667,38,0
3474,CA-2017-111815,2017-03-03,2017-03-10,Standard Class,EP-13915,Emily Phan,Consumer,United States,Dearborn Heights,Michigan,48127,Central,FUR-CH-10000785,Furniture,Chairs,Global Ergonomic Managers Chair,180.98,1,0.0,47.0548,136,307.92,-34.641,279.75066666666663,-42.57566666666667,5,0
3481,CA-2016-131289,2016-12-08,2016-12-14,Standard Class,SP-20620,Stefania Perrino,Corporate,United States,San Francisco,California,94110,West,FUR-TA-10003954,Furniture,Tables,Hon 94000 Series Round Tables,1421.664,6,0.2,-195.4788,451,170.136,-8.5068,536.2746666666667,-67.42773333333334,15,0
3542,CA-2016-157511,2016-09-18,2016-09-20,First Class,SV-20365,Seth Vernon,Consumer,United States,Columbus,Ohio,43229,East,FUR-FU-10002107,Furniture,Furnishings,Eldon Pizzaz Desk Accessories,5.352,3,0.2,1.6056,981,181.986,-54.5958,67.57933333333334,-15.199399999999997,32,1
3543,CA-2016-157511,2016-09-18,2016-09-20,First Class,SV-20365,Seth Vernon,Consumer,United States,Columbus,Ohio,43229,East,FUR-CH-10002647,Furniture,Chairs,"Situations Contoured Folding Chairs, 4/Set",99.372,2,0.3,-7.098,981,5.352,1.6056,95.57,-20.0294,32,1
3552,CA-2016-152555,2016-03-29,2016-04-02,Second Class,ME-17320,Maria Etezadi,Home Office,United States,Chicago,Illinois,60653,Central,FUR-CH-10002965,Furniture,Chairs,"Global Leather Highback Executive Chair with Pneumatic Height Adjustment, Black",844.116,6,0.3,-36.1764,813,19.76,8.2992,438.9386666666667,13.3546,26,0
3599,CA-2014-102869,2014-09-09,2014-09-14,Second Class,LC-17140,Logan Currie,Consumer,United States,Philadelphia,Pennsylvania,19140,East,FUR-FU-10002456,Furniture,Furnishings,"Master Caster Door Stop, Large Neon Orange",17.472,3,0.2,5.0232,0,286.38,83.0502,292.204,84.7246,0,1
3606,CA-2017-112956,2017-08-21,2017-08-27,Standard Class,TH-21550,Tracy Hopkins,Home Office,United States,Columbia,Maryland,21044,East,FUR-FU-10004960,Furniture,Furnishings,"Seth Thomas 12"" Clock w/ Goldtone Case",91.92,4,0.0,31.2528,760,25.16,8.5544,81.96666666666665,30.015666666666664,25,1
3639,CA-2016-145177,2016-11-10,2016-11-14,Standard Class,PP-18955,Paul Prost,Home Office,United States,Springfield,Ohio,45503,East,FUR-FU-10000758,Furniture,Furnishings,DAX Natural Wood-Tone Poster Frame,148.288,7,0.2,29.6576,794,301.96,60.392,230.076,47.61506666666667,26,1
3660,CA-2015-128083,2015-03-12,2015-03-17,Standard Class,EB-13750,Edward Becker,Corporate,United States,Plantation,Florida,33317,South,FUR-FU-10001731,Furniture,Furnishings,Acrylic Self-Standing Desk Frames,6.408,3,0.2,1.4418,0,30.88,3.86,126.416,-140.71606666666665,0,0
3680,CA-2015-132626,2015-07-09,2015-07-14,Standard Class,BT-11680,Brian Thompson,Consumer,United States,Clinton,Maryland,20735,East,FUR-FU-10002918,Furniture,Furnishings,Eldon ClusterMat Chair Mat with Cordless Antistatic Protection,181.96,2,0.0,20.0156,0,19.104,5.7312,68.57333333333334,9.106066666666667,0,0
3701,CA-2017-169411,2017-12-24,2017-12-29,Standard Class,AC-10615,Ann Chong,Corporate,United States,Rochester,New York,14609,East,FUR-FU-10001602,Furniture,Furnishings,"Eldon Delta Triangular Chair Mat, 52"" x 58"", Clear",37.93,1,0.0,6.8274,113,1282.41,213.735,524.9553333333334,42.41206666666667,3,0
3714,CA-2017-166198,2017-04-21,2017-04-24,First Class,JW-15955,Joni Wasserman,Consumer,United States,Seattle,Washington,98103,West,FUR-FU-10004622,Furniture,Furnishings,Eldon Advantage Foldable Chair Mats for Low Pile Carpets,162.6,3,0.0,34.146,614,304.45,76.1125,158.83666666666667,37.98263333333333,20,0
3716,CA-2014-135608,2014-12-08,2014-12-10,Second Class,JK-15625,Jim Karlsson,Consumer,United States,Olympia,Washington,98502,West,FUR-CH-10002602,Furniture,Chairs,DMI Arturo Collection Mission-style Design Wood Chair,603.92,5,0.2,45.294,0,199.98,37.9962,472.724,20.084999999999997,0,0
3752,CA-2017-161956,2017-08-27,2017-08-29,Second Class,DR-12880,Dan Reichenbach,Corporate,United States,Inglewood,California,90301,West,FUR-CH-10004886,Furniture,Chairs,Bevis Steel Folding Chairs,230.28,3,0.2,23.028,638,198.46,99.23,146.95733333333334,37.921866666666666,21,1
3761,CA-2015-167745,2015-09-18,2015-09-23,Standard Class,GB-14530,George Bell,Corporate,United States,Los Angeles,California,90049,West,FUR-FU-10001591,Furniture,Furnishings,Advantus Panel Wall Certificate Holder - 8.5x11,24.4,2,0.0,10.248,7,207.0,25.875,147.78666666666666,26.171666666666667,0,1
3763,CA-2016-156251,2016-08-13,2016-08-18,Second Class,TS-21160,Theresa Swint,Corporate,United States,West Allis,Wisconsin,53214,Central,FUR-BO-10001337,Furniture,Bookcases,O'Sullivan Living Dimensions 2-Shelf Bookcases,241.96,2,0.0,24.196,481,595.38,297.69,419.7993333333333,101.26593333333334,16,1
3799,CA-2017-147760,2017-11-04,2017-11-05,First Class,KL-16555,Kelly Lampkin,Corporate,United States,Greensboro,North Carolina,27405,South,FUR-TA-10004575,Furniture,Tables,Hon 5100 Series Wood Tables,523.764,3,0.4,-192.0468,1238,532.704,-26.6352,618.1373333333333,-91.89266666666667,41,0
3817,CA-2015-102582,2015-09-15,2015-09-19,Standard Class,NW-18400,Natalie Webber,Consumer,United States,Mobile,Alabama,36608,South,FUR-TA-10003569,Furniture,Tables,Bretford CR8500 Series Meeting Room Furniture,801.96,2,0.0,200.49,451,141.96,41.1684,315.968,80.7686,15,1
3819,CA-2015-102582,2015-09-15,2015-09-19,Standard Class,NW-18400,Natalie Webber,Consumer,United States,Mobile,Alabama,36608,South,FUR-CH-10004853,Furniture,Chairs,"Global Manager's Adjustable Task Chair, Storm",1056.86,7,0.0,306.4894,451,801.96,200.49,666.9266666666666,182.7159333333333,15,1
3829,CA-2017-141733,2017-05-07,2017-05-11,Standard Class,RW-19540,Rick Wilson,Corporate,United States,Detroit,Michigan,48234,Central,FUR-CH-10002017,Furniture,Chairs,SAFCO Optional Arm Kit for Workspace Cribbage Stacking Chair,26.64,1,0.0,7.4592,824,1458.65,423.0085,540.7366666666668,157.18123333333335,27,1
3830,CA-2017-141733,2017-05-07,2017-05-11,Standard Class,RW-19540,Rick Wilson,Corporate,United States,Detroit,Michigan,48234,Central,FUR-CH-10000595,Furniture,Chairs,Safco Contoured Stacking Chairs,476.8,2,0.0,119.2,824,26.64,7.4592,654.0300000000001,183.22256666666667,27,1
3840,CA-2014-126760,2014-07-26,2014-08-02,Standard Class,KM-16720,Kunst Miller,Consumer,United States,North Las Vegas,Nevada,89031,West,FUR-FU-10004018,Furniture,Furnishings,Tensor Computer Mounted Lamp,134.01,9,0.0,36.1827,99,674.352,-109.5822,296.04066666666665,-17.022233333333336,3,1
3860,CA-2017-154039,2017-02-17,2017-02-22,Standard Class,JK-16120,Julie Kriz,Home Office,United States,Chicago,Illinois,60653,Central,FUR-TA-10001932,Furniture,Tables,"Chromcraft 48"" x 96"" Racetrack Double Pedestal Table",480.96,3,0.5,-269.3376,502,64.944,6.4944,209.952,-117.69720000000001,16,1
3865,CA-2015-157133,2015-11-28,2015-12-03,Standard Class,LC-16885,Lena Creighton,Consumer,United States,Champaign,Illinois,61821,Central,FUR-FU-10004904,Furniture,Furnishings,"Eldon ""L"" Workstation Diamond Chairmat",151.96,5,0.6,-182.352,8,17.088,1.068,70.72266666666667,-53.5288,0,0
3873,CA-2015-132486,2015-10-23,2015-10-27,Second Class,JF-15355,Jay Fein,Consumer,United States,San Diego,California,92105,West,FUR-CH-10001854,Furniture,Chairs,Office Star - Professional Matrix Back Chair with 2-to-1 Synchro Tilt and Mesh Fabric Seat,842.352,3,0.2,42.1176,0,191.968,16.7972,425.0346666666666,28.667666666666666,0,1
3911,CA-2015-167010,2015-04-05,2015-04-10,Standard Class,VT-21700,Valerie Takahito,Home Office,United States,Philadelphia,Pennsylvania,19143,East,FUR-BO-10004218,Furniture,Bookcases,"Bush Heritage Pine Collection 5-Shelf Bookcase, Albany Pine Finish, *Special Order",352.45,5,0.5,-211.47,0,7.584,2.37,302.39,-92.49733333333332,0,1
3916,US-2017-142573,2017-07-18,2017-07-23,Standard Class,ML-17410,Maris LaWare,Consumer,United States,Phoenix,Arizona,85023,West,FUR-CH-10004218,Furniture,Chairs,"Global Fabric Manager's Chair, Dark Gray",161.568,2,0.2,10.098,50,801.6,-448.896,363.5133333333333,-156.57706666666667,2,0
3919,US-2017-142573,2017-07-18,2017-07-23,Standard Class,ML-17410,Maris LaWare,Consumer,United States,Phoenix,Arizona,85023,West,FUR-CH-10000513,Furniture,Chairs,High-Back Leather Manager's Chair,311.976,3,0.2,-42.8967,50,161.568,10.098,425.048,-160.5649,2,0
3927,CA-2014-103940,2014-09-17,2014-09-21,Standard Class,BN-11515,Bradley Nguyen,Consumer,United States,Seattle,Washington,98103,West,FUR-FU-10004671,Furniture,Furnishings,"Executive Impressions 12"" Wall Clock",35.34,2,0.0,13.4292,0,114.9,39.066,63.33333333333334,21.606933333333334,0,1
3951,CA-2016-119963,2016-11-18,2016-11-22,Standard Class,SN-20710,Steve Nguyen,Home Office,United States,Pasadena,Texas,77506,Central,FUR-CH-10003817,Furniture,Chairs,"Global Value Steno Chair, Gray",255.108,6,0.3,-18.222,327,254.604,-18.186,240.59,-17.185,11,0
3986,CA-2016-108735,2016-04-17,2016-04-21,Standard Class,JM-15535,Jessica Myrick,Consumer,United States,Lakewood,California,90712,West,FUR-BO-10003441,Furniture,Bookcases,"Bush Westfield Collection Bookcases, Fully Assembled",257.499,3,0.15,24.2352,275,195.466,-13.7976,153.775,4.482399999999999,9,1
3999,CA-2015-105627,2015-03-08,2015-03-12,Standard Class,DK-12895,Dana Kaydos,Consumer,United States,Kenosha,Wisconsin,53142,Central,FUR-FU-10000308,Furniture,Furnishings,Deflect-o Glass Clear Studded Chair Mats,373.08,6,0.0,82.0776,0,860.93,189.4046,582.3166666666667,122.98026666666665,0,0
4000,US-2015-149629,2015-07-17,2015-07-20,Second Class,MP-17965,Michael Paige,Corporate,United States,Port Saint Lucie,Florida,34952,South,FUR-BO-10004709,Furniture,Bookcases,"Bush Westfield Collection Bookcases, Medium Cherry Finish",231.92,5,0.2,5.798,90,1652.94,231.4116,647.14,83.97173333333333,3,0
4010,CA-2017-144463,2017-01-01,2017-01-05,Standard Class,SC-20725,Steven Cartwright,Consumer,United States,Los Angeles,California,90036,West,FUR-FU-10001215,Furniture,Furnishings,"Howard Miller 11-1/2"" Diameter Brentwood Wall Clock",474.43,11,0.0,199.2606,943,20.104,1.7591,336.80466666666666,104.83776666666667,31,1
4038,CA-2014-110786,2014-12-29,2015-01-02,Standard Class,AJ-10795,Anthony Johnson,Corporate,United States,San Francisco,California,94110,West,FUR-FU-10000550,Furniture,Furnishings,Stacking Trays by OIC,24.9,5,0.0,8.217,229,109.9,37.366,148.56,22.966333333333335,7,1
4044,CA-2014-110786,2014-12-29,2015-01-02,Standard Class,AJ-10795,Anthony Johnson,Corporate,United States,San Francisco,California,94110,West,FUR-FU-10000672,Furniture,Furnishings,"Executive Impressions 10"" Spectator Wall Clock",70.56,6,0.0,23.9904,229,24.9,8.217,68.45333333333333,23.19113333333333,7,1
4053,CA-2014-122931,2014-09-29,2014-10-03,Standard Class,SM-20950,Suzanne McNair,Corporate,United States,Philadelphia,Pennsylvania,19134,East,FUR-TA-10004175,Furniture,Tables,"Hon 30"" x 60"" Table with Locking Drawer",409.272,2,0.4,-81.8544,0,58.68,18.1908,162.964,-19.197,0,0
4057,CA-2014-122931,2014-09-29,2014-10-03,Standard Class,SM-20950,Suzanne McNair,Corporate,United States,Philadelphia,Pennsylvania,19134,East,FUR-TA-10004147,Furniture,Tables,Hon 4060 Series Tables,67.176,1,0.4,-20.1528,0,409.272,-81.8544,178.376,-27.938799999999997,0,0
4060,CA-2015-124058,2015-11-20,2015-11-24,Standard Class,LC-16885,Lena Creighton,Consumer,United States,Oakland,California,94601,West,FUR-CH-10000595,Furniture,Chairs,Safco Contoured Stacking Chairs,572.16,3,0.2,35.76,0,151.96,-182.352,247.06933333333333,-48.508,0,0
4075,CA-2017-108112,2017-11-15,2017-11-20,Standard Class,DK-12895,Dana Kaydos,Consumer,United States,Miramar,Florida,33023,South,FUR-FU-10003553,Furniture,Furnishings,"Howard Miller 13-1/2"" Diameter Rosebrook Wall Clock",220.064,4,0.2,55.016,983,373.08,82.0776,484.69133333333326,108.83273333333334,32,0
4076,CA-2017-108112,2017-11-15,2017-11-20,Standard Class,DK-12895,Dana Kaydos,Consumer,United States,Miramar,Florida,33023,South,FUR-FU-10001488,Furniture,Furnishings,"Tenex 46"" x 60"" Computer Anti-Static Chairmat, Rectangular Shaped",339.136,4,0.2,0.0,983,220.064,55.016,310.76,45.69786666666666,32,0
4109,CA-2015-105599,2015-09-07,2015-09-07,Same Day,MC-17275,Marc Crier,Consumer,United States,New York City,New York,10011,East,FUR-TA-10003837,Furniture,Tables,Anderson Hickey Conga Table Tops & Accessories,27.414,3,0.4,-14.1639,364,141.96,39.7488,228.958,60.2783,12,1
4141,CA-2017-127313,2017-12-01,2017-12-04,First Class,RA-19285,Ralph Arnett,Consumer,United States,Philadelphia,Pennsylvania,19120,East,FUR-FU-10003798,Furniture,Furnishings,"Ultra Door Kickplate, 8""H x 34""W",79.12,5,0.2,13.846,154,22.23,9.7812,97.778,9.4756,6,0
4147,CA-2015-136196,2015-11-28,2015-12-04,Standard Class,TP-21415,Tom Prescott,Consumer,United States,Freeport,New York,11520,East,FUR-FU-10004017,Furniture,Furnishings,"Tenex Contemporary Contur Chairmats for Low and Medium Pile Carpet, Computer, 39"" x 49""",322.59,3,0.0,64.518,0,156.3728,-52.8908,160.98226666666667,2.9793333333333343,0,1
4169,CA-2014-157924,2014-10-11,2014-10-13,First Class,HA-14920,Helen Andreada,Consumer,United States,Pasadena,California,91104,West,FUR-CH-10000229,Furniture,Chairs,Global Enterprise Series Seating High-Back Swivel/Tilt Chairs,433.568,2,0.2,-65.0352,0,139.92,-150.414,192.9226666666667,-71.042,0,1
4193,CA-2015-150875,2015-11-16,2015-11-20,Standard Class,HK-14890,Heather Kirkland,Corporate,United States,Boise,Idaho,83704,West,FUR-TA-10000577,Furniture,Tables,Bretford CR4500 Series Slim Rectangular Table,696.42,2,0.0,160.1766,22,16.156,-12.117,249.24799999999996,52.576933333333336,1,1
4196,CA-2016-124233,2016-04-08,2016-04-14,Standard Class,CK-12595,Clytie Kelty,Consumer,United States,Los Angeles,California,90032,West,FUR-FU-10002597,Furniture,Furnishings,"C-Line Magnetic Cubicle Keepers, Clear Polypropylene",24.7,5,0.0,10.374,469,3.48,1.1136,17.841333333333335,4.990800000000003,16,1
4208,CA-2014-145387,2014-10-31,2014-11-02,Second Class,AM-10705,Anne McFarland,Consumer,United States,Cranston,Rhode Island,2920,East,FUR-FU-10000023,Furniture,Furnishings,Eldon Wave Desk Accessories,17.67,3,0.0,7.7748,0,14.76,4.2804,127.80333333333334,32.0968,0,1
4209,CA-2014-145387,2014-10-31,2014-11-02,Second Class,AM-10705,Anne McFarland,Consumer,United States,Cranston,Rhode Island,2920,East,FUR-CH-10002320,Furniture,Chairs,Hon Pagoda Stacking Chairs,1604.9,5,0.0,481.47,0,17.67,7.7748,545.7766666666668,164.50840000000002,0,1
4210,CA-2014-145387,2014-10-31,2014-11-02,Second Class,AM-10705,Anne McFarland,Consumer,United States,Cranston,Rhode Island,2920,East,FUR-TA-10003238,Furniture,Tables,"Chromcraft Bull-Nose Wood 48"" x 96"" Rectangular Conference Tables",385.686,1,0.3,-60.6078,0,1604.9,481.47,669.4186666666667,142.87900000000002,0,1
4224,CA-2017-134565,2017-06-11,2017-06-13,Second Class,TB-21400,Tom Boeckenhauer,Consumer,United States,Seattle,Washington,98103,West,FUR-BO-10001519,Furniture,Bookcases,O'Sullivan 3-Shelf Heavy-Duty Bookcases,174.42,3,0.0,41.8608,1237,821.88,213.6888,351.33,93.0675,41,1
4230,CA-2017-100223,2017-07-05,2017-07-10,Standard Class,LS-16945,Linda Southworth,Corporate,United States,Dallas,Texas,75220,Central,FUR-FU-10003601,Furniture,Furnishings,"Deflect-o RollaMat Studded, Beveled Mat for Medium Pile Carpeting",332.028,9,0.6,-348.6294,352,854.352,10.6794,576.7959999999999,-99.04979999999999,12,1
4247,CA-2017-117702,2017-11-28,2017-12-04,Standard Class,LS-16975,Lindsay Shagiari,Home Office,United States,Baltimore,Maryland,21215,East,FUR-FU-10000576,Furniture,Furnishings,Luxo Professional Fluorescent Magnifier Lamp with Clamp-Mount Base,1049.2,5,0.0,272.792,803,22.848,-17.7072,472.08933333333334,50.60626666666665,26,0
4248,CA-2017-117702,2017-11-28,2017-12-04,Standard Class,LS-16975,Lindsay Shagiari,Home Office,United States,Baltimore,Maryland,21215,East,FUR-FU-10004270,Furniture,Furnishings,"Eldon Image Series Desk Accessories, Burgundy",20.9,5,0.0,7.524,803,1049.2,272.792,364.31600000000003,87.53626666666666,26,0
4257,CA-2017-163160,2017-10-13,2017-10-16,First Class,TS-21610,Troy Staebel,Consumer,United States,Freeport,Illinois,61032,Central,FUR-FU-10001424,Furniture,Furnishings,Dax Clear Box Frame,10.476,3,0.6,-6.8094,1154,1212.96,90.972,692.176,-47.776199999999996,38,0
4265,US-2016-131611,2016-11-05,2016-11-09,Standard Class,EP-13915,Emily Phan,Consumer,United States,Houston,Texas,77036,Central,FUR-TA-10002774,Furniture,Tables,Laminate Occasional Tables,863.128,8,0.3,-160.2952,18,180.98,47.0548,450.676,-49.2938,1,0
4267,US-2016-131611,2016-11-05,2016-11-09,Standard Class,EP-13915,Emily Phan,Consumer,United States,Houston,Texas,77036,Central,FUR-BO-10000780,Furniture,Bookcases,O'Sullivan Plantations 2-Door Library in Landvery Oak,956.6648,7,0.32,-225.0976,18,863.128,-160.2952,666.9242666666667,-112.77933333333333,1,0
4270,US-2017-124821,2017-06-25,2017-06-29,Second Class,AM-10705,Anne McFarland,Consumer,United States,Seattle,Washington,98115,West,FUR-TA-10000688,Furniture,Tables,"Chromcraft Bull-Nose Wood Round Conference Table Top, Wood Base",871.4,4,0.0,148.138,968,385.686,-60.6078,953.9953333333333,189.66673333333335,32,1
4272,CA-2016-123806,2016-11-24,2016-11-27,Second Class,LA-16780,Laura Armstrong,Corporate,United States,Baltimore,Maryland,21215,East,FUR-FU-10000965,Furniture,Furnishings,"Howard Miller 11-1/2"" Diameter Ridgewood Wall Clock",207.76,4,0.0,85.1816,940,22.288,-8.9152,113.176,36.73506666666667,31,1
4295,CA-2017-101581,2017-10-22,2017-10-27,Standard Class,DW-13195,David Wiener,Corporate,United States,Redmond,Oregon,97756,West,FUR-TA-10002607,Furniture,Tables,KI Conference Tables,177.225,5,0.5,-120.513,1160,7.068,-2.8272,167.57433333333333,-66.89106666666667,38,0
4348,CA-2016-120355,2016-09-18,2016-09-25,Standard Class,MM-17260,Magdelene Morse,Consumer,United States,New Rochelle,New York,10801,East,FUR-FU-10004053,Furniture,Furnishings,DAX Two-Tone Silver Metal Document Frame,60.72,3,0.0,26.1096,0,631.782,140.396,334.315,39.24056666666666,0,1
4376,CA-2014-166954,2014-04-25,2014-04-30,Standard Class,BT-11305,Beth Thompson,Home Office,United States,San Gabriel,California,91776,West,FUR-FU-10003708,Furniture,Furnishings,"Tenex Traditional Chairmats for Medium Pile Carpet, Standard Lip, 36"" x 48""",303.25,5,0.0,63.6825,0,191.82,74.8098,177.60333333333332,50.44129999999999,0,1
4378,CA-2014-166954,2014-04-25,2014-04-30,Standard Class,BT-11305,Beth Thompson,Home Office,United States,San Gabriel,California,91776,West,FUR-CH-10003973,Furniture,Chairs,GuestStacker Chair with Chrome Finish Legs,1487.04,5,0.2,148.704,0,303.25,63.6825,660.7033333333333,95.73209999999999,0,1
4384,US-2015-122784,2015-07-20,2015-07-27,Standard Class,RA-19915,Russell Applegate,Consumer,United States,Highland Park,Illinois,60035,Central,FUR-BO-10004690,Furniture,Bookcases,O'Sullivan Cherrywood Estates Traditional Barrister Bookcase,384.944,4,0.3,-126.4816,0,368.97,81.1734,291.249,-19.33213333333333,0,0
4386,US-2015-122784,2015-07-20,2015-07-27,Standard Class,RA-19915,Russell Applegate,Consumer,United States,Highland Park,Illinois,60035,Central,FUR-BO-10002545,Furniture,Bookcases,"Atlantic Metals Mobile 3-Shelf Bookcases, Custom Colors",913.43,5,0.3,-52.196,0,384.944,-126.4816,555.7813333333334,-32.5014,0,0
4433,CA-2016-168893,2016-11-03,2016-11-08,Second Class,AP-10915,Arthur Prichep,Consumer,United States,Henderson,Kentucky,42420,South,FUR-FU-10002885,Furniture,Furnishings,Magna Visual Magnetic Picture Hangers,24.1,5,0.0,9.158,803,180.588,-240.784,136.42933333333335,-59.47666666666667,27,1
4435,CA-2016-168893,2016-11-03,2016-11-08,Second Class,AP-10915,Arthur Prichep,Consumer,United States,Henderson,Kentucky,42420,South,FUR-TA-10003392,Furniture,Tables,Global Adaptabilities Conference Tables,842.94,3,0.0,160.1586,803,24.1,9.158,349.2093333333334,-23.822466666666667,27,1
4449,CA-2015-121965,2015-06-19,2015-06-23,Standard Class,LH-17155,Logan Haushalter,Consumer,United States,Los Angeles,California,90032,West,FUR-FU-10000732,Furniture,Furnishings,Eldon 200 Class Desk Accessories,12.56,2,0.0,4.0192,189,79.384,29.769,137.83733333333333,20.6418,6,1
4452,CA-2016-147137,2016-07-04,2016-07-06,First Class,AA-10645,Anna Andreadi,Consumer,United States,San Francisco,California,94109,West,FUR-FU-10000221,Furniture,Furnishings,"Master Caster Door Stop, Brown",25.4,5,0.0,8.636,743,853.93,0.0,349.796,1.2590666666666666,25,1
4454,CA-2016-147137,2016-07-04,2016-07-06,First Class,AA-10645,Anna Andreadi,Consumer,United States,San Francisco,California,94109,West,FUR-BO-10001811,Furniture,Bookcases,"Atlantic Metals Mobile 5-Shelf Bookcases, Custom Colors",1279.165,5,0.15,225.735,743,25.4,8.636,719.4983333333333,78.12366666666667,25,1
4471,CA-2017-156895,2017-05-08,2017-05-12,Standard Class,DJ-13510,Don Jones,Corporate,United States,Philadelphia,Pennsylvania,19140,East,FUR-CH-10003535,Furniture,Chairs,"Global Armless Task Chair, Royal Blue",128.058,3,0.3,-23.7822,255,1603.136,100.196,582.3953333333333,25.804433333333332,9,0
4474,CA-2017-121300,2017-09-29,2017-09-29,Same Day,MG-17680,Maureen Gastineau,Home Office,United States,Mentor,Ohio,44060,East,FUR-TA-10004442,Furniture,Tables,Riverside Furniture Stanwyck Manor Table Series,344.22,2,0.4,-189.321,1073,63.686,-15.4666,167.26466666666667,-63.959333333333326,35,1
4476,CA-2017-121300,2017-09-29,2017-09-29,Same Day,MG-17680,Maureen Gastineau,Home Office,United States,Mentor,Ohio,44060,East,FUR-FU-10004586,Furniture,Furnishings,G.E. Longer-Life Indoor Recessed Floodlight Bulbs,21.248,4,0.2,7.4368,1073,344.22,-189.321,143.05133333333336,-65.78359999999999,35,1
4509,US-2014-138247,2014-12-24,2014-12-29,Standard Class,BF-11170,Ben Ferrer,Home Office,United States,Los Angeles,California,90045,West,FUR-FU-10002554,Furniture,Furnishings,"Westinghouse Floor Lamp with Metal Mesh Shade, Black",23.99,1,0.0,5.5177,0,18.624,6.2856,21.740666666666666,0.5432333333333329,0,0
4511,CA-2016-119935,2016-11-10,2016-11-14,Standard Class,KM-16225,Kalyca Meade,Corporate,United States,Springfield,Missouri,65807,Central,FUR-FU-10001085,Furniture,Furnishings,3M Polarizing Light Filter Sleeves,37.3,2,0.0,17.158,493,155.82,63.8862,69.02666666666666,29.248333333333335,16,1
4522,CA-2014-109491,2014-02-20,2014-02-26,Standard Class,LC-16930,Linda Cazamias,Corporate,United States,Richmond,Indiana,47374,Central,FUR-FU-10000221,Furniture,Furnishings,"Master Caster Door Stop, Brown",20.32,4,0.0,6.9088,0,305.312,-8.7232,450.116,-10.363999999999999,0,0
4531,CA-2016-118759,2016-11-14,2016-11-17,First Class,MB-17305,Maria Bertelson,Consumer,United States,New York City,New York,10009,East,FUR-CH-10002335,Furniture,Chairs,Hon GuestStacker Chair,408.006,2,0.1,72.5344,829,129.39,54.3438,219.59066666666664,41.281266666666674,27,0
4533,CA-2014-140403,2014-10-10,2014-10-10,Same Day,TN-21040,Tanja Norvell,Home Office,United States,Manteca,California,95336,West,FUR-CH-10002774,Furniture,Chairs,"Global Deluxe Stacking Chair, Gray",122.352,3,0.2,13.7646,0,1272.63,-814.4832,472.8473333333334,-264.5502,0,1
4560,CA-2014-110219,2014-05-05,2014-05-08,First Class,EB-13870,Emily Burns,Consumer,United States,San Antonio,Texas,78207,Central,FUR-CH-10001146,Furniture,Chairs,"Global Value Mid-Back Manager's Chair, Gray",127.869,3,0.3,-9.1335,0,599.292,93.2232,590.5970000000001,108.1182,0,1
4563,CA-2015-118871,2015-12-04,2015-12-09,Second Class,HM-14860,Harry Marie,Corporate,United States,Los Angeles,California,90049,West,FUR-FU-10002111,Furniture,Furnishings,"Master Caster Door Stop, Large Brown",36.4,5,0.0,13.832,501,7.4,3.034,333.4882666666667,-69.41053333333333,17,0
4564,CA-2017-129490,2017-09-26,2017-09-30,Standard Class,SJ-20125,Sanjit Jacobs,Home Office,United States,Miramar,Florida,33023,South,FUR-CH-10003298,Furniture,Chairs,"Office Star - Contemporary Task Swivel chair with Loop Arms, Charcoal",419.136,4,0.2,-57.6312,374,113.888,9.9652,192.47466666666665,-33.278666666666666,12,1
4611,US-2017-141852,2017-11-09,2017-11-14,Standard Class,JE-15745,Joel Eaton,Consumer,United States,Oceanside,California,92054,West,FUR-FU-10000023,Furniture,Furnishings,Eldon Wave Desk Accessories,47.12,8,0.0,20.7328,1079,102.833,-6.049,867.7943333333333,-111.9354,36,0
4619,CA-2015-117800,2015-09-21,2015-09-26,Standard Class,TH-21550,Tracy Hopkins,Home Office,United States,Everett,Massachusetts,2149,East,FUR-CH-10000785,Furniture,Chairs,Global Ergonomic Managers Chair,542.94,3,0.0,141.1644,60,91.92,31.2528,220.00666666666666,60.32386666666667,2,1
4626,CA-2017-147228,2017-09-09,2017-09-14,Standard Class,SO-20335,Sean O'Donnell,Consumer,United States,Columbia,Tennessee,38401,South,FUR-FU-10000023,Furniture,Furnishings,Eldon Wave Desk Accessories,14.136,3,0.2,4.2408,699,361.764,68.3332,246.76999999999998,26.890666666666664,23,0
4634,CA-2015-130456,2015-08-21,2015-08-26,Standard Class,DS-13180,David Smith,Corporate,United States,San Francisco,California,94122,West,FUR-BO-10003893,Furniture,Bookcases,Sauder Camden County Collection Library,586.398,6,0.15,34.494,12,205.3328,-36.2352,471.39360000000005,45.065933333333334,0,1
4646,CA-2016-143910,2016-08-12,2016-08-16,Standard Class,BC-11125,Becky Castell,Home Office,United States,New York City,New York,10011,East,FUR-CH-10000225,Furniture,Chairs,"Global Geo Office Task Chair, Gray",145.764,2,0.1,-8.098,768,681.408,42.588,369.3213333333333,23.19633333333333,25,1
4675,CA-2016-133550,2016-07-31,2016-08-06,Standard Class,KL-16645,Ken Lonsdale,Consumer,United States,Detroit,Michigan,48205,Central,FUR-FU-10002918,Furniture,Furnishings,Eldon ClusterMat Chair Mat with Cordless Antistatic Protection,272.94,3,0.0,30.0234,737,299.97,56.9943,216.9433333333333,40.43416666666666,24,1
4684,CA-2016-159912,2016-08-29,2016-09-03,Standard Class,GB-14530,George Bell,Corporate,United States,Philadelphia,Pennsylvania,19120,East,FUR-TA-10004152,Furniture,Tables,"Barricks 18"" x 48"" Non-Folding Utility Table with Bottom Storage Shelf",241.92,4,0.4,-56.448,353,24.4,10.248,157.77333333333334,-6.775000000000001,11,1
4685,CA-2016-159912,2016-08-29,2016-09-03,Standard Class,GB-14530,George Bell,Corporate,United States,Philadelphia,Pennsylvania,19120,East,FUR-BO-10002853,Furniture,Bookcases,O'Sullivan 5-Shelf Heavy-Duty Bookcases,163.88,4,0.5,-81.94,353,241.92,-56.448,143.4,-42.71333333333333,11,1
4692,CA-2014-138681,2014-12-20,2014-12-22,First Class,CT-11995,Carol Triggs,Consumer,United States,Tucson,Arizona,85705,West,FUR-CH-10004860,Furniture,Chairs,Global Low Back Tilter Chair,242.352,3,0.2,-42.4116,227,51.968,10.3936,188.09666666666666,6.425433333333333,7,1
4696,US-2015-138121,2015-12-17,2015-12-17,Same Day,JL-15835,John Lee,Consumer,United States,Detroit,Michigan,48205,Central,FUR-CH-10003846,Furniture,Chairs,Hon Valutask Swivel Chairs,302.94,3,0.0,48.4704,528,69.008,12.0764,181.37800000000001,4.603533333333334,17,1
4697,US-2015-138121,2015-12-17,2015-12-17,Same Day,JL-15835,John Lee,Consumer,United States,Detroit,Michigan,48205,Central,FUR-CH-10004875,Furniture,Chairs,Harbour Creations 67200 Series Stacking Chairs,142.36,2,0.0,38.4372,528,302.94,48.4704,171.436,32.99466666666667,17,1
4698,US-2015-138121,2015-12-17,2015-12-17,Same Day,JL-15835,John Lee,Consumer,United States,Detroit,Michigan,48205,Central,FUR-CH-10003817,Furniture,Chairs,"Global Value Steno Chair, Gray",546.66,9,0.0,136.665,528,142.36,38.4372,330.65333333333336,74.5242,17,1
4699,US-2015-138121,2015-12-17,2015-12-17,Same Day,JL-15835,John Lee,Consumer,United States,Detroit,Michigan,48205,Central,FUR-FU-10002116,Furniture,Furnishings,"Tenex Carpeted, Granite-Look or Clear Contemporary Contour Shape Chair Mats",212.13,3,0.0,14.8491,528,546.66,136.665,300.38333333333327,63.31709999999999,17,1
4703,CA-2017-140298,2017-05-11,2017-05-17,Standard Class,JK-16120,Julie Kriz,Home Office,United States,Austin,Texas,78745,Central,FUR-FU-10001967,Furniture,Furnishings,Telescoping Adjustable Floor Lamp,7.996,1,0.6,-6.9965,585,480.96,-269.3376,184.63333333333333,-89.94656666666668,19,1
4707,CA-2016-158435,2016-05-17,2016-05-18,First Class,AG-10900,Arthur Gainer,Consumer,United States,Waterbury,Connecticut,6708,East,FUR-FU-10003975,Furniture,Furnishings,Eldon Advantage Chair Mats for Low to Medium Pile Carpets,173.24,4,0.0,17.324,255,293.199,-20.6964,292.5903333333333,-2.737199999999999,8,1
4728,CA-2014-119151,2014-11-25,2014-11-29,Second Class,MP-18175,Mike Pelletier,Home Office,United States,New York City,New York,10009,East,FUR-BO-10003159,Furniture,Bookcases,"Sauder Camden County Collection Libraries, Planked Cherry Finish",275.952,3,0.2,-37.9434,242,26.25,11.025,318.584,28.061700000000002,8,0
4749,CA-2016-120005,2016-03-03,2016-03-03,Same Day,TS-21160,Theresa Swint,Corporate,United States,San Francisco,California,94110,West,FUR-FU-10000672,Furniture,Furnishings,"Executive Impressions 10"" Spectator Wall Clock",35.28,3,0.0,11.9952,318,241.96,24.196,290.87333333333333,111.29373333333331,11,1
4780,CA-2014-150301,2014-07-08,2014-07-10,First Class,MH-18025,Michelle Huthwaite,Consumer,United States,Buffalo,New York,14215,East,FUR-CH-10002647,Furniture,Chairs,"Situations Contoured Folding Chairs, 4/Set",63.882,1,0.1,10.647,0,561.568,28.0784,443.45,31.7058,0,0
4781,CA-2014-159310,2014-11-07,2014-11-12,Standard Class,SC-20725,Steven Cartwright,Consumer,United States,Houston,Texas,77070,Central,FUR-CH-10002758,Furniture,Chairs,"Hon Deluxe Fabric Upholstered Stacking Chairs, Squared Back",683.144,4,0.3,0.0,157,474.43,199.2606,392.5593333333333,67.00656666666667,5,1
4789,CA-2015-104346,2015-12-11,2015-12-16,Standard Class,IM-15070,Irene Maddox,Consumer,United States,Colorado Springs,Colorado,80906,West,FUR-FU-10002456,Furniture,Furnishings,"Master Caster Door Stop, Large Neon Orange",52.416,9,0.2,15.0696,357,69.576,-143.7904,647.284,11.688866666666662,12,1
4790,CA-2015-104346,2015-12-11,2015-12-16,Standard Class,IM-15070,Irene Maddox,Consumer,United States,Colorado Springs,Colorado,80906,West,FUR-FU-10001473,Furniture,Furnishings,DAX Wood Document Frame,54.92,5,0.2,10.984,357,52.416,15.0696,58.97066666666666,-39.2456,12,1
4791,CA-2015-104346,2015-12-11,2015-12-16,Standard Class,IM-15070,Irene Maddox,Consumer,United States,Colorado Springs,Colorado,80906,West,FUR-TA-10000849,Furniture,Tables,Bevis Rectangular Conference Tables,364.95,5,0.5,-248.166,357,54.92,10.984,157.42866666666666,-74.03746666666666,12,1
4805,CA-2017-136364,2017-07-13,2017-07-17,Second Class,MH-17455,Mark Hamilton,Consumer,United States,Philadelphia,Pennsylvania,19140,East,FUR-FU-10002501,Furniture,Furnishings,Nu-Dell Executive Frame,91.008,9,0.2,19.3392,936,190.848,-21.4704,568.9186666666667,118.03126666666668,31,1
4826,CA-2016-140018,2016-11-21,2016-11-26,Standard Class,CK-12205,Chloris Kastensmidt,Consumer,United States,Columbus,Ohio,43229,East,FUR-FU-10001876,Furniture,Furnishings,"Computer Room Manger, 14""",77.952,3,0.2,15.5904,986,127.554,-9.111,71.27533333333334,2.9224666666666668,32,1
4851,CA-2014-107818,2014-09-08,2014-09-14,Standard Class,MC-17275,Marc Crier,Consumer,United States,Pasco,Washington,99301,West,FUR-CH-10000454,Furniture,Chairs,"Hon Deluxe Fabric Upholstered Stacking Chairs, Rounded Back",975.92,5,0.2,121.99,0,27.414,-14.1639,381.76466666666664,49.191633333333336,0,1
4854,CA-2014-113320,2014-12-12,2014-12-15,Second Class,LH-17155,Logan Haushalter,Consumer,United States,Oakland,California,94601,West,FUR-FU-10004270,Furniture,Furnishings,"Eldon Image Series Desk Accessories, Burgundy",12.54,3,0.0,4.5144,0,12.56,4.0192,34.827999999999996,12.767533333333333,0,1
4856,CA-2014-113320,2014-12-12,2014-12-15,Second Class,LH-17155,Logan Haushalter,Consumer,United States,Oakland,California,94601,West,FUR-FU-10001706,Furniture,Furnishings,Longer-Life Soft White Bulbs,9.24,3,0.0,4.4352,0,12.54,4.5144,11.446666666666667,4.322933333333333,0,1
4859,CA-2015-137526,2015-01-13,2015-01-17,Standard Class,PB-19150,Philip Brown,Consumer,United States,Los Angeles,California,90004,West,FUR-FU-10004845,Furniture,Furnishings,"Deflect-o EconoMat Nonstudded, No Bevel Mat",464.85,9,0.0,92.97,0,77.6,38.024,308.75,56.458,0,1
4918,CA-2017-163125,2017-10-09,2017-10-11,Second Class,MB-17305,Maria Bertelson,Consumer,United States,League City,Texas,77573,Central,FUR-CH-10001802,Furniture,Chairs,Hon Every-Day Chair Series Swivel Task Chairs,254.058,3,0.3,-32.6646,1158,408.006,72.5344,263.818,31.404533333333337,38,0
4929,CA-2017-143245,2017-12-01,2017-12-06,Standard Class,AD-10180,Alan Dominguez,Home Office,United States,Fairfield,Connecticut,6824,East,FUR-CH-10000155,Furniture,Chairs,Global Comet Stacking Armless Chair,897.15,3,0.0,251.202,1071,51.072,5.1072,516.26,82.5766,36,0
4939,CA-2014-157147,2014-01-13,2014-01-18,Standard Class,BD-11605,Brian Dahlen,Consumer,United States,San Francisco,California,94109,West,FUR-BO-10003034,Furniture,Bookcases,"O'Sullivan Elevations Bookcase, Cherry Finish",333.999,3,0.15,3.9294,0,29.16,10.7892,235.693,30.127,0,1
4942,CA-2015-156482,2015-02-06,2015-02-13,Standard Class,IL-15100,Ivan Liston,Consumer,United States,Wilmington,Delaware,19805,East,FUR-BO-10002598,Furniture,Bookcases,"Hon Metal Bookcases, Putty",283.92,4,0.0,82.3368,0,1268.82,266.4522,558.0133333333333,124.754,0,1
4950,CA-2017-107125,2017-11-27,2017-12-02,Standard Class,BD-11320,Bill Donatelli,Consumer,United States,Los Angeles,California,90045,West,FUR-FU-10000732,Furniture,Furnishings,Eldon 200 Class Desk Accessories,18.84,3,0.0,6.0288,911,492.835,-14.081,544.4143333333333,-2.6840666666666664,30,0
4971,US-2016-153815,2016-11-06,2016-11-09,First Class,KL-16555,Kelly Lampkin,Corporate,United States,Jacksonville,Florida,32216,South,FUR-CH-10000513,Furniture,Chairs,High-Back Leather Manager's Chair,207.984,2,0.2,-28.5978,875,523.764,-192.0468,421.484,-82.4266,29,0
4973,US-2016-153815,2016-11-06,2016-11-09,First Class,KL-16555,Kelly Lampkin,Corporate,United States,Jacksonville,Florida,32216,South,FUR-FU-10004090,Furniture,Furnishings,"Executive Impressions 14"" Contract Wall Clock",35.568,2,0.2,5.7798,875,207.984,-28.5978,255.77200000000005,-71.6216,29,0
5012,US-2017-139647,2017-05-11,2017-05-13,First Class,TS-21370,Todd Sumrall,Corporate,United States,Phoenix,Arizona,85023,West,FUR-BO-10004467,Furniture,Bookcases,Bestar Classic Bookcase,209.979,7,0.7,-356.9643,926,616.998,-36.294,601.423,-73.1725,31,0
5024,CA-2016-133795,2016-12-18,2016-12-24,Standard Class,JE-15475,Jeremy Ellison,Consumer,United States,San Diego,California,92037,West,FUR-FU-10003731,Furniture,Furnishings,"Eldon Expressions Wood and Plastic Desk Accessories, Oak",39.92,4,0.0,11.1776,643,171.96,44.7096,84.02666666666666,25.061066666666665,21,1
5039,CA-2015-136469,2015-07-11,2015-07-12,First Class,TS-21370,Todd Sumrall,Corporate,United States,Wilmington,Delaware,19805,East,FUR-TA-10001520,Furniture,Tables,"Lesro Sheffield Collection Coffee Table, End Table, Center Table, Corner Table",199.836,4,0.3,-37.1124,256,209.979,-356.9643,342.271,-143.4569,9,0
5044,CA-2016-158694,2016-11-10,2016-11-13,Second Class,AI-10855,Arianne Irving,Consumer,United States,Los Angeles,California,90036,West,FUR-FU-10000965,Furniture,Furnishings,"Howard Miller 11-1/2"" Diameter Ridgewood Wall Clock",467.46,9,0.0,191.6586,0,504.9,80.784,345.3486666666666,87.78153333333334,0,0
5076,CA-2014-134572,2014-04-20,2014-04-22,Second Class,SV-20365,Seth Vernon,Consumer,United States,Houston,Texas,77070,Central,FUR-TA-10001705,Furniture,Tables,Bush Advantage Collection Round Conference Table,744.1,5,0.3,-95.67,99,99.372,-7.098,282.9413333333334,-33.720800000000004,3,1
5078,CA-2014-134572,2014-04-20,2014-04-22,Second Class,SV-20365,Seth Vernon,Consumer,United States,Houston,Texas,77070,Central,FUR-TA-10004442,Furniture,Tables,Riverside Furniture Stanwyck Manor Table Series,401.59,2,0.3,-131.951,99,744.1,-95.67,415.0206666666666,-78.23966666666666,3,1
5097,US-2014-140452,2014-12-06,2014-12-10,Standard Class,BK-11260,Berenike Kampe,Consumer,United States,Chicago,Illinois,60610,Central,FUR-FU-10002088,Furniture,Furnishings,Nu-Dell Float Frame 11 x 14 1/2,10.776,3,0.6,-4.8492,0,214.95,-120.372,77.562,-40.998,0,1
5132,CA-2017-146626,2017-12-29,2018-01-05,Standard Class,BP-11185,Ben Peterman,Corporate,United States,Anaheim,California,92804,West,FUR-FU-10002501,Furniture,Furnishings,Nu-Dell Executive Frame,101.12,8,0.0,37.4144,854,141.372,-14.1372,85.90800000000002,8.330266666666667,28,0
5145,CA-2017-161333,2017-02-02,2017-02-07,Standard Class,JL-15835,John Lee,Consumer,United States,Los Angeles,California,90045,West,FUR-FU-10003039,Furniture,Furnishings,"Howard Miller 11-1/2"" Diameter Grantwood Wall Clock",86.26,2,0.0,29.3284,941,212.13,14.8491,281.68333333333334,60.280833333333334,31,1
5159,CA-2017-163006,2017-06-30,2017-07-04,Second Class,GH-14410,Gary Hansen,Home Office,United States,Chicago,Illinois,60653,Central,FUR-FU-10003799,Furniture,Furnishings,"Seth Thomas 13 1/2"" Wall Clock",14.224,2,0.6,-10.3124,701,569.058,-178.8468,196.07733333333337,-62.32706666666667,23,1
5164,CA-2015-161627,2015-07-06,2015-07-11,Standard Class,SJ-20215,Sarah Jordon,Consumer,United States,Pasadena,California,91104,West,FUR-CH-10003968,Furniture,Chairs,Novimex Turbo Task Chair,170.352,3,0.2,-17.0352,147,203.92,22.941,230.4433333333333,-4.0706,5,0
5171,CA-2016-122903,2016-05-27,2016-05-29,Second Class,LA-16780,Laura Armstrong,Corporate,United States,Detroit,Michigan,48205,Central,FUR-CH-10002024,Furniture,Chairs,HON 5400 Series Task Chairs for Big and Tall,3504.9,5,0.0,700.98,759,207.76,85.1816,1244.9826666666668,259.08213333333333,25,1
5176,CA-2017-106432,2017-10-19,2017-10-24,Standard Class,CA-12265,Christina Anderson,Consumer,United States,Waco,Texas,76706,Central,FUR-BO-10004360,Furniture,Bookcases,Rush Hierlooms Collection Rich Wood Bookcases,328.3992,3,0.32,-91.7586,766,545.85,114.6285,595.6664,47.1758,25,0
5189,CA-2015-115567,2015-09-13,2015-09-18,Standard Class,ZC-21910,Zuschuss Carroll,Consumer,United States,Columbus,Indiana,47201,Central,FUR-CH-10000015,Furniture,Chairs,Hon Multipurpose Stacking Arm Chairs,1516.2,7,0.0,394.212,335,710.832,-97.7394,745.2539999999999,99.8136,11,0
5220,CA-2017-145653,2017-09-01,2017-09-01,Same Day,CA-12775,Cynthia Arntzen,Consumer,United States,Detroit,Michigan,48205,Central,FUR-CH-10004875,Furniture,Chairs,Harbour Creations 67200 Series Stacking Chairs,498.26,7,0.0,134.5302,1161,393.165,-204.4458,706.63,-23.305199999999996,39,1
5228,CA-2016-119865,2016-06-21,2016-06-26,Standard Class,AS-10090,Adam Shillingsburg,Consumer,United States,New York City,New York,10011,East,FUR-BO-10003272,Furniture,Bookcases,O'Sullivan Living Dimensions 5-Shelf Bookcases,353.568,2,0.2,-44.196,638,22.512,2.2512,466.82,57.725,21,1
5231,CA-2017-124436,2017-03-19,2017-03-22,Second Class,SA-20830,Sue Ann Reed,Consumer,United States,Fresno,California,93727,West,FUR-TA-10001095,Furniture,Tables,Chromcraft Round Conference Tables,697.16,5,0.2,8.7145,693,22.784,4.8416,243.928,5.5546999999999995,23,1
5232,CA-2017-124436,2017-03-19,2017-03-22,Second Class,SA-20830,Sue Ann Reed,Consumer,United States,Fresno,California,93727,West,FUR-FU-10001185,Furniture,Furnishings,"Advantus Employee of the Month Certificate Frame, 11 x 13-1/2",30.93,1,0.0,12.6813,693,697.16,8.7145,250.2913333333333,8.745800000000001,23,1
5234,CA-2014-115084,2014-10-18,2014-10-22,Standard Class,LS-17200,Luke Schmidt,Corporate,United States,Texarkana,Arkansas,71854,South,FUR-CH-10004626,Furniture,Chairs,Office Star Flex Back Scooter Chair with Aluminum Finish Frame,605.34,6,0.0,145.2816,0,70.448,12.3284,230.05200000000002,53.85373333333333,0,1
5238,CA-2014-166744,2014-09-20,2014-09-24,Standard Class,DN-13690,Duane Noonan,Consumer,United States,Columbia,Maryland,21044,East,FUR-BO-10001337,Furniture,Bookcases,O'Sullivan Living Dimensions 2-Shelf Bookcases,362.94,3,0.0,36.294,0,164.22,50.9082,183.1,31.2076,0,1
5245,CA-2016-156265,2016-08-02,2016-08-04,Second Class,BF-11020,Barry Franzsisch,Corporate,United States,Los Angeles,California,90032,West,FUR-TA-10001691,Furniture,Tables,"Barricks Non-Folding Utility Table with Steel Legs, Laminate Tops",136.464,2,0.2,15.3522,26,253.372,-14.4784,150.04133333333334,-8.751933333333334,1,1
5263,CA-2014-105165,2014-09-07,2014-09-10,First Class,SZ-20035,Sam Zeldin,Home Office,United States,Houston,Texas,77036,Central,FUR-TA-10004154,Furniture,Tables,"Riverside Furniture Oval Coffee Table, Oval End Table, End Table with Drawer",200.795,1,0.3,-22.948,0,215.148,-103.9882,187.28099999999998,-21.399733333333334,0,1
5273,CA-2017-125913,2017-01-16,2017-01-16,Same Day,JO-15145,Jack O'Briant,Corporate,United States,Los Angeles,California,90008,West,FUR-TA-10001520,Furniture,Tables,"Lesro Sheffield Collection Coffee Table, End Table, Center Table, Corner Table",399.672,7,0.2,-14.9877,781,27.92,8.0968,328.08566666666667,-0.11396666666666692,26,0
5278,CA-2014-113859,2014-09-13,2014-09-17,Standard Class,BC-11125,Becky Castell,Home Office,United States,Odessa,Texas,79762,Central,FUR-CH-10004698,Furniture,Chairs,"Padded Folding Chairs, Black, 4/Carton",340.116,6,0.3,-9.7176,69,145.764,-8.098,389.096,8.257466666666668,2,1
5291,CA-2014-146283,2014-09-08,2014-09-15,Standard Class,KT-16465,Kean Takahito,Consumer,United States,Houston,Texas,77036,Central,FUR-CH-10004287,Furniture,Chairs,SAFCO Arco Folding Chair,966.7,5,0.3,-13.81,0,528.43,0.0,809.5553333333334,30.40426666666667,0,1
5294,CA-2015-111073,2015-12-26,2015-12-30,Standard Class,MC-18100,Mick Crebagga,Consumer,United States,Medina,Ohio,44256,East,FUR-TA-10004086,Furniture,Tables,KI Adjustable-Height Table,51.588,1,0.4,-15.4764,376,18.7,7.106,25.81866666666667,-2.4616000000000002,12,0
5301,CA-2016-113831,2016-05-30,2016-06-03,Standard Class,AH-10690,Anna Hberlin,Corporate,United States,Springfield,Virginia,22153,South,FUR-TA-10002645,Furniture,Tables,Hon Rectangular Conference Tables,2275.5,10,0.0,386.835,789,146.136,16.4403,981.852,110.4121,25,1
5314,CA-2017-137876,2017-04-30,2017-05-05,Standard Class,DJ-13510,Don Jones,Corporate,United States,San Francisco,California,94110,West,FUR-FU-10000222,Furniture,Furnishings,"Seth Thomas 16"" Steel Case Clock",64.96,2,0.0,21.4368,247,128.058,-23.7822,598.718,32.61686666666667,8,0
5317,US-2017-162558,2017-10-02,2017-10-05,First Class,Dp-13240,Dean percer,Home Office,United States,Knoxville,Tennessee,37918,South,FUR-FU-10002364,Furniture,Furnishings,"Eldon Expressions Wood Desk Accessories, Oak",11.808,2,0.2,1.3284,1087,63.47,19.041,76.68066666666667,-5.247400000000001,36,0
5318,US-2017-162558,2017-10-02,2017-10-05,First Class,Dp-13240,Dean percer,Home Office,United States,Knoxville,Tennessee,37918,South,FUR-FU-10004864,Furniture,Furnishings,Eldon 500 Class Desk Accessories,9.656,1,0.2,1.5691,1087,11.808,1.3284,28.311333333333334,7.312833333333333,36,0
5321,US-2017-162558,2017-10-02,2017-10-05,First Class,Dp-13240,Dean percer,Home Office,United States,Knoxville,Tennessee,37918,South,FUR-TA-10000198,Furniture,Tables,Chromcraft Bull-Nose Wood Oval Conference Tables & Bases,2314.116,7,0.4,-1002.7836,1087,9.656,1.5691,778.5266666666666,-333.29536666666667,36,0
5323,US-2017-162558,2017-10-02,2017-10-05,First Class,Dp-13240,Dean percer,Home Office,United States,Knoxville,Tennessee,37918,South,FUR-FU-10003691,Furniture,Furnishings,"Eldon Image Series Desk Accessories, Ebony",19.76,2,0.2,5.928,1087,2314.116,-1002.7836,781.1773333333334,-331.76216666666664,36,0
5363,CA-2016-122017,2016-12-29,2017-01-02,Standard Class,CD-11920,Carlos Daly,Consumer,United States,Wichita,Kansas,67212,Central,FUR-FU-10000672,Furniture,Furnishings,"Executive Impressions 10"" Spectator Wall Clock",70.56,6,0.0,23.9904,398,183.968,-25.2956,179.48266666666666,5.479933333333334,13,0
5397,US-2016-147340,2016-09-24,2016-09-24,Same Day,EB-13750,Edward Becker,Corporate,United States,San Francisco,California,94110,West,FUR-FU-10002501,Furniture,Furnishings,Nu-Dell Executive Frame,63.2,5,0.0,23.384,562,6.408,1.4418,33.496,9.561933333333334,18,0
5400,CA-2016-117681,2016-04-09,2016-04-14,Standard Class,HF-14995,Herbert Flentye,Consumer,United States,Los Angeles,California,90004,West,FUR-BO-10001798,Furniture,Bookcases,Bush Somerset Collection Bookcase,556.665,5,0.15,6.549,684,225.296,22.5296,384.1936666666666,-37.66413333333333,23,1
5427,CA-2016-153598,2016-12-03,2016-12-06,First Class,NM-18520,Neoma Murray,Consumer,United States,Los Angeles,California,90045,West,FUR-FU-10001085,Furniture,Furnishings,3M Polarizing Light Filter Sleeves,111.9,6,0.0,51.474,433,24.288,-12.7512,47.62533333333334,11.569999999999999,15,1
5430,CA-2014-136861,2014-09-05,2014-09-07,First Class,PR-18880,Patrick Ryan,Consumer,United States,Saint Petersburg,Florida,33710,South,FUR-FU-10001967,Furniture,Furnishings,Telescoping Adjustable Floor Lamp,31.984,2,0.2,1.999,0,568.728,28.4364,243.54399999999998,13.609666666666667,0,1
5458,CA-2017-130631,2017-12-29,2018-01-02,Standard Class,BS-11755,Bruce Stewart,Consumer,United States,Edmonds,Washington,98026,West,FUR-FU-10004093,Furniture,Furnishings,Hand-Finished Solid Wood Document Frame,68.46,2,0.0,20.538,1244,120.666,18.4548,135.95866666666666,-40.96073333333333,40,0
5460,CA-2017-116680,2017-09-04,2017-09-06,Second Class,PK-19075,Pete Kriz,Consumer,United States,San Francisco,California,94122,West,FUR-TA-10001771,Furniture,Tables,"Bush Cubix Conference Tables, Fully Assembled",1478.272,8,0.2,92.392,364,155.372,-13.3176,625.5279999999999,36.07573333333333,12,1
5462,CA-2017-101574,2017-09-28,2017-10-04,Standard Class,BD-11725,Bruce Degenhardt,Consumer,United States,Los Angeles,California,90032,West,FUR-FU-10001706,Furniture,Furnishings,Longer-Life Soft White Bulbs,9.24,3,0.0,4.4352,818,123.96,11.1564,68.06,6.853400000000001,26,1
5474,CA-2017-116946,2017-12-19,2017-12-23,Standard Class,TS-21505,Tony Sayre,Consumer,United States,Parker,Colorado,80134,West,FUR-BO-10000468,Furniture,Bookcases,O'Sullivan 2-Shelf Heavy-Duty Bookcases,102.018,7,0.7,-183.6324,1095,13.36,4.008,259.4193333333333,-35.016799999999996,36,0
5485,CA-2017-148999,2017-01-30,2017-02-04,Standard Class,EB-13870,Emily Burns,Consumer,United States,Miami,Florida,33142,South,FUR-CH-10002044,Furniture,Chairs,"Office Star - Contemporary Task Swivel chair with 2-way adjustable arms, Plum",419.136,4,0.2,-68.1096,1001,127.869,-9.1335,382.099,5.326700000000002,32,1
5491,CA-2017-134495,2017-04-01,2017-04-04,Second Class,BF-11020,Barry Franzsisch,Corporate,United States,Jacksonville,Florida,32216,South,FUR-CH-10003774,Furniture,Chairs,"Global Wood Trimmed Manager's Task Chair, Khaki",218.352,3,0.2,-19.1058,268,136.464,15.3522,202.72933333333333,-6.077333333333333,9,1
5509,CA-2015-168529,2015-10-08,2015-10-12,Standard Class,MB-17305,Maria Bertelson,Consumer,United States,San Francisco,California,94122,West,FUR-FU-10001588,Furniture,Furnishings,"Deflect-o SuperTray Unbreakable Stackable Tray, Letter, Black",145.9,5,0.0,62.737,426,254.058,-32.6646,269.3213333333333,34.202266666666674,14,0
5557,CA-2015-125066,2015-12-14,2015-12-18,Standard Class,KD-16495,Keith Dawkins,Corporate,United States,Jackson,Mississippi,39212,South,FUR-FU-10003829,Furniture,Furnishings,Stackable Trays,6.16,2,0.0,1.9712,36,191.96,32.6332,333.36,78.3648,1,1
5606,CA-2016-134516,2016-09-20,2016-09-25,Standard Class,FM-14215,Filia McAdams,Corporate,United States,Greensboro,North Carolina,27405,South,FUR-FU-10001546,Furniture,Furnishings,Dana Swing-Arm Lamps,17.088,2,0.2,1.068,0,181.95,38.2095,415.796,-10.204166666666667,0,0
5607,CA-2016-134516,2016-09-20,2016-09-25,Standard Class,FM-14215,Filia McAdams,Corporate,United States,Greensboro,North Carolina,27405,South,FUR-CH-10002880,Furniture,Chairs,"Global High-Back Leather Tilter, Burgundy",98.392,1,0.2,-11.0691,0,17.088,1.068,99.14333333333332,9.402800000000001,0,0
5626,CA-2014-126683,2014-09-29,2014-10-01,Second Class,PP-18955,Paul Prost,Home Office,United States,Seattle,Washington,98115,West,FUR-FU-10001706,Furniture,Furnishings,Longer-Life Soft White Bulbs,6.16,2,0.0,2.9568,21,148.288,29.6576,152.136,31.002133333333333,0,1
5627,CA-2014-126683,2014-09-29,2014-10-01,Second Class,PP-18955,Paul Prost,Home Office,United States,Seattle,Washington,98115,West,FUR-TA-10002958,Furniture,Tables,"Bevis Oval Conference Table, Walnut",2348.82,9,0.0,399.2994,21,6.16,2.9568,834.4226666666667,143.97126666666665,0,1
5629,CA-2017-148810,2017-06-26,2017-07-01,Standard Class,DR-12880,Dan Reichenbach,Corporate,United States,Miami,Florida,33180,South,FUR-CH-10001545,Furniture,Chairs,Hon Comfortask Task/Swivel Chairs,273.552,3,0.2,-13.6776,576,230.28,23.028,234.09733333333335,36.193466666666666,19,1
5630,US-2016-146066,2016-08-21,2016-08-23,Second Class,RB-19465,Rick Bensley,Home Office,United States,Philadelphia,Pennsylvania,19143,East,FUR-TA-10002530,Furniture,Tables,"Iceberg OfficeWorks 42"" Round Tables",815.292,9,0.4,-339.705,714,15.92,7.0048,626.804,-19.969400000000007,23,0
5632,CA-2014-127614,2014-02-11,2014-02-15,Standard Class,NF-18385,Natalie Fritzler,Consumer,United States,Chesapeake,Virginia,23320,South,FUR-TA-10003715,Furniture,Tables,Hon 2111 Invitation Series Corner Table,1256.22,6,0.0,75.3732,0,262.864,69.0018,755.5473333333333,16.0868,0,0
5639,CA-2014-154893,2014-12-21,2014-12-27,Standard Class,GM-14440,Gary McGarr,Consumer,United States,San Diego,California,92024,West,FUR-CH-10004287,Furniture,Chairs,SAFCO Arco Folding Chair,1325.76,6,0.2,149.148,275,257.568,-28.9764,533.8693333333333,42.12893333333333,9,0
5640,CA-2014-154893,2014-12-21,2014-12-27,Standard Class,GM-14440,Gary McGarr,Consumer,United States,San Diego,California,92024,West,FUR-CH-10000595,Furniture,Chairs,Safco Contoured Stacking Chairs,572.16,3,0.2,35.76,275,1325.76,149.148,718.496,51.9772,9,0
5643,CA-2016-127985,2016-04-01,2016-04-05,Second Class,DB-12910,Daniel Byrd,Home Office,United States,Columbus,Georgia,31907,South,FUR-FU-10003274,Furniture,Furnishings,Regeneration Desk Collection,7.04,4,0.0,3.0976,0,15.008,-12.0064,27.682666666666666,5.5704,0,0
5646,CA-2017-127117,2017-04-14,2017-04-19,Standard Class,HM-14860,Harry Marie,Corporate,United States,Morristown,New Jersey,7960,East,FUR-FU-10004018,Furniture,Furnishings,Tensor Computer Mounted Lamp,74.45,5,0.0,20.1015,998,36.4,13.832,39.416666666666664,12.3225,33,0
5652,CA-2017-142342,2017-07-17,2017-07-19,Second Class,AJ-10795,Anthony Johnson,Corporate,United States,Apple Valley,California,92307,West,FUR-BO-10002613,Furniture,Bookcases,"Atlantic Metals Mobile 4-Shelf Bookcases, Custom Colors",1194.165,5,0.15,210.735,1160,70.56,23.9904,429.875,80.9808,38,1
5678,CA-2014-126802,2014-12-29,2015-01-05,Standard Class,ZC-21910,Zuschuss Carroll,Consumer,United States,Chicago,Illinois,60610,Central,FUR-FU-10000193,Furniture,Furnishings,Tenex Chairmats For Use with Hard Floors,38.976,3,0.6,-50.6688,77,1516.2,394.212,755.3359999999999,81.93459999999997,2,0
5688,CA-2014-131541,2014-07-28,2014-07-28,Same Day,CK-12205,Chloris Kastensmidt,Consumer,United States,Apopka,Florida,32712,South,FUR-FU-10003623,Furniture,Furnishings,"DataProducts Ampli Magnifier Task Lamp, Black,",129.888,6,0.2,12.9888,139,77.952,15.5904,111.798,6.4894,4,1
5695,US-2015-138093,2015-12-10,2015-12-16,Standard Class,KM-16225,Kalyca Meade,Corporate,United States,Baltimore,Maryland,21215,East,FUR-CH-10000785,Furniture,Chairs,Global Ergonomic Managers Chair,542.94,3,0.0,141.1644,157,37.3,17.158,245.35333333333335,74.06953333333333,5,1
5708,US-2015-160857,2015-05-08,2015-05-15,Standard Class,NW-18400,Natalie Webber,Consumer,United States,New York City,New York,10024,East,FUR-FU-10001095,Furniture,Furnishings,DAX Black Cherry Wood-Tone Poster Frame,79.44,3,0.0,30.1872,321,1056.86,306.4894,646.0866666666667,179.05553333333333,11,1
5710,US-2015-160857,2015-05-08,2015-05-15,Standard Class,NW-18400,Natalie Webber,Consumer,United States,New York City,New York,10024,East,FUR-CH-10002647,Furniture,Chairs,"Situations Contoured Folding Chairs, 4/Set",127.764,2,0.1,21.294,321,79.44,30.1872,421.3546666666666,119.32353333333333,11,1
5733,CA-2017-143574,2017-06-29,2017-07-02,First Class,DR-12880,Dan Reichenbach,Corporate,United States,Milford,Connecticut,6460,East,FUR-BO-10002598,Furniture,Bookcases,"Hon Metal Bookcases, Putty",638.82,9,0.0,185.2578,579,273.552,-13.6776,380.884,64.8694,19,1
5735,CA-2017-143574,2017-06-29,2017-07-02,First Class,DR-12880,Dan Reichenbach,Corporate,United States,Milford,Connecticut,6460,East,FUR-FU-10003976,Furniture,Furnishings,"DAX Executive Solid Wood Document Frame, Desktop or Hang, Mahogany, 5 x 7",25.16,2,0.0,8.5544,579,638.82,185.2578,312.5106666666667,60.04486666666666,19,1
5754,CA-2016-118514,2016-02-03,2016-02-10,Standard Class,LC-17050,Liz Carlisle,Consumer,United States,Richmond,Kentucky,40475,South,FUR-CH-10000015,Furniture,Chairs,Hon Multipurpose Stacking Arm Chairs,866.4,4,0.0,225.264,733,243.92,-15.245,466.9953333333333,71.14620000000001,25,0
5763,CA-2017-158169,2017-08-12,2017-08-15,First Class,JM-16195,Justin MacKendrick,Consumer,United States,Lake Forest,California,92630,West,FUR-FU-10001473,Furniture,Furnishings,DAX Wood Document Frame,54.92,4,0.0,19.7712,1075,25.16,10.5672,50.26333333333333,11.7627,35,1
5780,CA-2014-105270,2014-11-11,2014-11-18,Standard Class,AP-10915,Arthur Prichep,Consumer,United States,Los Angeles,California,90008,West,FUR-CH-10000988,Furniture,Chairs,Hon Olson Stacker Stools,112.648,1,0.2,11.2648,80,842.94,160.1586,326.5626666666667,60.1938,3,1
5792,CA-2017-140186,2017-09-29,2017-10-02,First Class,PG-18820,Patrick Gardner,Consumer,United States,Bakersfield,California,93309,West,FUR-CH-10002961,Furniture,Chairs,"Leather Task Chair, Black",72.784,1,0.2,0.0,393,165.048,41.262,100.60000000000001,13.754,12,1
5794,CA-2017-140186,2017-09-29,2017-10-02,First Class,PG-18820,Patrick Gardner,Consumer,United States,Bakersfield,California,93309,West,FUR-FU-10004848,Furniture,Furnishings,"Howard Miller 13-3/4"" Diameter Brushed Chrome Round Wall Clock",51.75,1,0.0,15.525,393,72.784,0.0,96.52733333333333,18.929,12,1
5810,CA-2016-125017,2016-02-06,2016-02-11,Standard Class,KB-16240,Karen Bern,Corporate,United States,Chattanooga,Tennessee,37421,South,FUR-FU-10000723,Furniture,Furnishings,"Deflect-o EconoMat Studded, No Bevel Mat for Low Pile Carpeting",132.224,4,0.2,-18.1808,91,603.92,181.176,308.9546666666667,58.305066666666654,3,1
5812,US-2015-163279,2015-03-22,2015-03-26,Standard Class,JD-16150,Justin Deggeller,Corporate,United States,San Diego,California,92037,West,FUR-FU-10000747,Furniture,Furnishings,Tenex B1-RE Series Chair Mats for Low Pile Carpets,91.96,2,0.0,15.6332,126,368.97,40.5867,662.4966666666667,161.2189,4,1
5831,CA-2016-122063,2016-12-03,2016-12-07,Standard Class,MM-17920,Michael Moore,Consumer,United States,Richmond,Indiana,47374,Central,FUR-CH-10004754,Furniture,Chairs,"Global Stack Chair with Arms, Black",29.98,1,0.0,8.0946,693,581.96,104.7528,543.3480000000001,-86.81913333333334,23,1
5834,CA-2016-142895,2016-07-21,2016-07-26,Standard Class,BP-11290,Beth Paige,Consumer,United States,Concord,North Carolina,28027,South,FUR-CH-10002961,Furniture,Chairs,"Leather Task Chair, Black",363.92,5,0.2,0.0,657,638.288,-31.9144,420.1623333333334,-34.006233333333334,21,0
5848,CA-2015-126725,2015-11-17,2015-11-21,Standard Class,BS-11665,Brian Stugart,Consumer,United States,San Diego,California,92105,West,FUR-FU-10001591,Furniture,Furnishings,Advantus Panel Wall Certificate Holder - 8.5x11,36.6,3,0.0,15.372,0,225.568,2.8196,114.37599999999999,15.779066666666667,0,1
5858,CA-2015-112214,2015-08-05,2015-08-11,Standard Class,AH-10690,Anna Hberlin,Corporate,United States,Dallas,Texas,75220,Central,FUR-FU-10002364,Furniture,Furnishings,"Eldon Expressions Wood Desk Accessories, Oak",14.76,5,0.6,-11.439,490,2275.5,386.835,812.1320000000001,130.61209999999997,16,1
5859,US-2017-153255,2017-09-03,2017-09-07,Second Class,JK-15730,Joe Kamberova,Consumer,United States,Concord,California,94521,West,FUR-BO-10004218,Furniture,Bookcases,"Bush Heritage Pine Collection 5-Shelf Bookcase, Albany Pine Finish, *Special Order",239.666,2,0.15,14.098,1020,909.72,-51.984,385.838,-12.154533333333333,34,1
5872,CA-2016-154235,2016-09-24,2016-09-28,Standard Class,RD-19900,Ruben Dartt,Consumer,United States,Bloomington,Indiana,47401,Central,FUR-FU-10004006,Furniture,Furnishings,"Deflect-o DuraMat Lighweight, Studded, Beveled Mat for Low Pile Carpeting",127.95,3,0.0,21.7515,684,53.2,14.896,73.67666666666666,15.937966666666668,22,1
5881,CA-2016-133935,2016-09-18,2016-09-22,Standard Class,JW-15220,Jane Waco,Corporate,United States,San Diego,California,92105,West,FUR-CH-10001215,Furniture,Chairs,Global Troy Executive Leather Low-Back Tilter,801.568,2,0.2,50.098,507,10.16,3.4544,273.78933333333333,19.071866666666665,17,0
5883,CA-2016-133935,2016-09-18,2016-09-22,Standard Class,JW-15220,Jane Waco,Corporate,United States,San Diego,California,92105,West,FUR-CH-10002880,Furniture,Chairs,"Global High-Back Leather Tilter, Burgundy",885.528,9,0.2,-99.6219,507,801.568,50.098,565.752,-15.356500000000002,17,0
5884,CA-2016-136301,2016-03-13,2016-03-15,Second Class,EH-13765,Edward Hooks,Corporate,United States,San Francisco,California,94109,West,FUR-FU-10004712,Furniture,Furnishings,"Westinghouse Mesh Shade Clip-On Gooseneck Lamp, Black",28.28,2,0.0,7.3528,185,361.96,83.2508,284.268,62.752,6,1
5910,US-2016-113985,2016-12-02,2016-12-07,Standard Class,KD-16495,Keith Dawkins,Corporate,United States,San Jose,California,95123,West,FUR-FU-10003026,Furniture,Furnishings,"Eldon Regeneration Recycled Desk Accessories, Black",14.52,3,0.0,5.6628,390,6.16,1.9712,70.88000000000001,13.422400000000001,13,1
5916,US-2015-126977,2015-09-17,2015-09-23,Standard Class,PF-19120,Peter Fuller,Consumer,United States,New York City,New York,10035,East,FUR-CH-10001973,Furniture,Chairs,Office Star Flex Back Scooter Chair with White Frame,199.764,2,0.1,8.8784,94,40.256,11.0704,201.57466666666667,-5.5072,3,1
5918,US-2015-126977,2015-09-17,2015-09-23,Standard Class,PF-19120,Peter Fuller,Consumer,United States,New York City,New York,10035,East,FUR-BO-10004834,Furniture,Bookcases,"Riverside Palais Royal Lawyers Bookcase, Royale Cherry Finish",4228.704,6,0.2,158.5764,94,199.764,8.8784,1489.5746666666666,59.5084,3,1
5919,US-2015-126977,2015-09-17,2015-09-23,Standard Class,PF-19120,Peter Fuller,Consumer,United States,New York City,New York,10035,East,FUR-BO-10002213,Furniture,Bookcases,DMI Eclipse Executive Suite Bookcases,2003.92,5,0.2,-25.049,94,4228.704,158.5764,2144.1293333333333,47.4686,3,1
5930,US-2017-169551,2017-07-07,2017-07-09,First Class,RL-19615,Rob Lucas,Consumer,United States,Philadelphia,Pennsylvania,19120,East,FUR-BO-10001519,Furniture,Bookcases,O'Sullivan 3-Shelf Heavy-Duty Bookcases,87.21,3,0.5,-45.3492,726,7.76,-2.134,159.52566666666667,-17.654433333333333,24,1
5936,CA-2016-103107,2016-07-04,2016-07-04,Same Day,RB-19465,Rick Bensley,Home Office,United States,Seattle,Washington,98103,West,FUR-FU-10000221,Furniture,Furnishings,"Master Caster Door Stop, Brown",25.4,5,0.0,8.636,666,815.292,-339.705,285.5373333333333,-108.02139999999999,22,0
5955,CA-2014-155796,2014-11-11,2014-11-15,Second Class,TS-21430,Tom Stivers,Corporate,United States,Reading,Pennsylvania,19601,East,FUR-FU-10000409,Furniture,Furnishings,"GE 4 Foot Flourescent Tube, 40 Watt",23.968,2,0.2,7.7896,104,1367.84,259.8896,474.056,93.57799999999999,4,1
5956,CA-2014-155796,2014-11-11,2014-11-15,Second Class,TS-21430,Tom Stivers,Corporate,United States,Reading,Pennsylvania,19601,East,FUR-BO-10002545,Furniture,Bookcases,"Atlantic Metals Mobile 3-Shelf Bookcases, Custom Colors",521.96,4,0.5,-250.5408,104,23.968,7.7896,637.9226666666667,5.712799999999997,4,1
5960,CA-2016-127138,2016-03-12,2016-03-15,Second Class,DK-13225,Dean Katz,Corporate,United States,San Francisco,California,94109,West,FUR-CH-10003746,Furniture,Chairs,Hon 4070 Series Pagoda Round Back Stacking Chairs,770.352,3,0.2,77.0352,100,313.176,-120.0508,362.1626666666666,-14.07953333333333,3,1
5961,CA-2017-150602,2017-02-09,2017-02-14,Second Class,ML-17395,Marina Lichtenstein,Corporate,United States,Los Angeles,California,90045,West,FUR-FU-10003142,Furniture,Furnishings,"Master Big Foot Doorstop, Beige",21.12,4,0.0,6.5472,990,245.98,27.0578,185.922,20.3206,33,1
5972,CA-2014-141726,2014-07-20,2014-07-22,First Class,CC-12145,Charles Crestani,Consumer,United States,San Diego,California,92105,West,FUR-FU-10003577,Furniture,Furnishings,Nu-Dell Leatherette Frames,43.02,3,0.0,15.4872,0,47.516,-2.0364,105.96533333333333,31.7668,0,1
5979,CA-2014-117765,2014-09-07,2014-09-13,Standard Class,RB-19465,Rick Bensley,Home Office,United States,Tulsa,Oklahoma,74133,Central,FUR-TA-10001039,Furniture,Tables,KI Adjustable-Height Table,429.9,5,0.0,111.774,0,25.4,8.636,423.5306666666667,-73.09833333333333,0,0
5981,CA-2014-117765,2014-09-07,2014-09-13,Standard Class,RB-19465,Rick Bensley,Home Office,United States,Tulsa,Oklahoma,74133,Central,FUR-CH-10004698,Furniture,Chairs,"Padded Folding Chairs, Black, 4/Carton",161.96,2,0.0,45.3488,0,429.9,111.774,205.75333333333333,55.25293333333334,0,0
5990,CA-2016-163776,2016-07-19,2016-07-25,Standard Class,JS-16030,Joy Smith,Consumer,United States,Hattiesburg,Mississippi,39401,South,FUR-BO-10003546,Furniture,Bookcases,Hon 4-Shelf Metal Bookcases,504.9,5,0.0,126.225,0,185.58,76.0878,233.0773333333333,66.19773333333333,0,0
5998,CA-2016-162187,2016-12-11,2016-12-11,Same Day,NS-18640,Noel Staavos,Corporate,United States,Columbus,Ohio,43229,East,FUR-TA-10003008,Furniture,Tables,"Lesro Round Back Collection Coffee Table, End Table",328.59,3,0.4,-147.8655,900,458.43,-137.529,411.61999999999995,-91.39949999999999,30,1
6002,CA-2014-124079,2014-12-13,2014-12-17,Standard Class,RF-19345,Randy Ferguson,Corporate,United States,Phoenix,Arizona,85023,West,FUR-FU-10002553,Furniture,Furnishings,"Electrix Incandescent Magnifying Lamp, Black",87.96,3,0.2,7.6965,207,182.67,52.9743,136.83,40.270199999999996,7,1
6008,CA-2017-129028,2017-04-01,2017-04-03,First Class,GB-14530,George Bell,Corporate,United States,Florence,South Carolina,29501,South,FUR-FU-10004006,Furniture,Furnishings,"Deflect-o DuraMat Lighweight, Studded, Beveled Mat for Low Pile Carpeting",127.95,3,0.0,21.7515,568,163.88,-81.94,177.91666666666666,-38.878833333333326,19,1
6016,CA-2014-102652,2014-04-06,2014-04-12,Standard Class,AY-10555,Andy Yotov,Corporate,United States,Los Angeles,California,90049,West,FUR-FU-10000747,Furniture,Furnishings,Tenex B1-RE Series Chair Mats for Low Pile Carpets,91.96,2,0.0,15.6332,0,18.96,7.584,69.368,9.763733333333333,0,0
6017,CA-2014-102652,2014-04-06,2014-04-12,Standard Class,AY-10555,Andy Yotov,Corporate,United States,Los Angeles,California,90049,West,FUR-FU-10001918,Furniture,Furnishings,C-Line Cubicle Keepers Polyproplyene Holder With Velcro Backings,33.11,7,0.0,12.9129,0,91.96,15.6332,48.01,12.043366666666666,0,0
6032,CA-2016-101168,2016-12-25,2017-01-01,Standard Class,SS-20140,Saphhira Shifley,Corporate,United States,Nashua,New Hampshire,3060,East,FUR-FU-10003142,Furniture,Furnishings,"Master Big Foot Doorstop, Beige",21.12,4,0.0,6.5472,763,6.368,-2.5472,17.056,3.4053333333333335,25,1
6034,CA-2015-130253,2015-12-14,2015-12-18,Standard Class,PP-18955,Paul Prost,Home Office,United States,Los Angeles,California,90036,West,FUR-FU-10002963,Furniture,Furnishings,"Master Caster Door Stop, Gray",15.24,3,0.0,5.1816,462,2348.82,399.2994,790.0733333333333,135.8126,15,1
6037,CA-2016-131205,2016-09-04,2016-09-08,Standard Class,AA-10645,Anna Andreadi,Consumer,United States,Georgetown,Kentucky,40324,South,FUR-FU-10003347,Furniture,Furnishings,Coloredge Poster Frame,42.6,3,0.0,16.614,805,1279.165,225.735,449.055,83.66166666666668,27,1
6043,CA-2016-117912,2016-02-04,2016-02-08,Standard Class,TB-21520,Tracy Blumstein,Consumer,United States,Sierra Vista,Arizona,85635,West,FUR-FU-10002088,Furniture,Furnishings,Nu-Dell Float Frame 11 x 14 1/2,14.368,2,0.2,3.9512,471,409.59,-122.877,182.71933333333334,-34.46693333333333,16,1
6054,CA-2016-124016,2016-09-23,2016-09-26,Second Class,JS-15940,Joni Sundaresam,Home Office,United States,Lancaster,Ohio,43130,East,FUR-FU-10004963,Furniture,Furnishings,"Eldon 400 Class Desk Accessories, Black Carbon",28.0,4,0.2,7.7,733,8.544,-7.476,97.096,-103.9458,24,1
6068,CA-2017-166695,2017-05-20,2017-05-24,Standard Class,CC-12430,Chuck Clark,Home Office,United States,Lakewood,California,90712,West,FUR-CH-10000225,Furniture,Chairs,"Global Geo Office Task Chair, Gray",518.272,8,0.2,-97.176,622,271.764,60.392,370.87533333333334,9.244666666666669,20,0
6069,CA-2017-166695,2017-05-20,2017-05-24,Standard Class,CC-12430,Chuck Clark,Home Office,United States,Lakewood,California,90712,West,FUR-FU-10002191,Furniture,Furnishings,G.E. Halogen Desk Lamp Bulbs,6.98,1,0.0,3.3504,622,518.272,-97.176,265.672,-11.14453333333333,20,0
6080,CA-2016-151561,2016-09-01,2016-09-07,Standard Class,PG-18820,Patrick Gardner,Consumer,United States,New York City,New York,10011,East,FUR-FU-10004864,Furniture,Furnishings,"Howard Miller 14-1/2"" Diameter Chrome Round Wall Clock",191.82,3,0.0,61.3824,0,51.75,15.525,105.45133333333332,25.6358,0,1
6082,US-2014-165589,2014-02-18,2014-02-18,Same Day,TB-21595,Troy Blackwell,Consumer,United States,Lubbock,Texas,79424,Central,FUR-FU-10002396,Furniture,Furnishings,"DAX Copper Panel Document Frame, 5 x 7 Size",25.16,5,0.6,-11.322,0,754.45,60.356,260.84,16.80056666666667,0,1
6091,CA-2017-100111,2017-09-20,2017-09-26,Standard Class,SV-20365,Seth Vernon,Consumer,United States,New York City,New York,10035,East,FUR-CH-10003846,Furniture,Chairs,Hon Valutask Swivel Chairs,272.646,3,0.1,18.1764,1348,401.59,-131.951,472.7786666666666,-69.81486666666667,44,1
6097,CA-2017-100111,2017-09-20,2017-09-26,Standard Class,SV-20365,Seth Vernon,Consumer,United States,New York City,New York,10035,East,FUR-CH-10003061,Furniture,Chairs,"Global Leather Task Chair, Black",80.991,1,0.1,8.0991,1348,272.646,18.1764,251.74233333333328,-35.22516666666667,44,1
6100,CA-2017-100111,2017-09-20,2017-09-26,Standard Class,SV-20365,Seth Vernon,Consumer,United States,New York City,New York,10035,East,FUR-CH-10004086,Furniture,Chairs,Hon 4070 Series Pagoda Armless Upholstered Stacking Chairs,2888.127,11,0.1,609.7157,1348,80.991,8.0991,1080.588,211.99706666666665,44,1
6102,CA-2017-100111,2017-09-20,2017-09-26,Standard Class,SV-20365,Seth Vernon,Consumer,United States,New York City,New York,10035,East,FUR-CH-10001215,Furniture,Chairs,Global Troy Executive Leather Low-Back Tilter,2254.41,5,0.1,375.735,1348,2888.127,609.7157,1741.1759999999997,331.1832666666666,44,1
6105,US-2017-132381,2017-08-22,2017-08-24,First Class,Dp-13240,Dean percer,Home Office,United States,Philadelphia,Pennsylvania,19143,East,FUR-TA-10002356,Furniture,Tables,Bevis Boat-Shaped Conference Table,314.532,2,0.4,-83.8752,1046,19.76,5.928,882.8026666666666,-360.2436,34,0
6115,CA-2016-124590,2016-11-12,2016-11-16,Standard Class,SP-20920,Susan Pistek,Consumer,United States,Parma,Ohio,44134,East,FUR-CH-10003746,Furniture,Chairs,Hon 4070 Series Pagoda Round Back Stacking Chairs,449.372,2,0.3,-12.8392,0,1537.074,0.0,1153.7493333333334,-11.3026,0,1
6139,CA-2014-131247,2014-03-30,2014-04-04,Standard Class,GA-14725,Guy Armstrong,Consumer,United States,San Francisco,California,94110,West,FUR-BO-10001337,Furniture,Bookcases,O'Sullivan Living Dimensions 2-Shelf Bookcases,205.666,2,0.15,-12.098,47,17.14,6.1704,90.56733333333334,0.8764000000000003,1,1
6150,CA-2017-101322,2017-12-28,2017-12-31,First Class,JG-15310,Jason Gross,Corporate,United States,Long Beach,California,90805,West,FUR-CH-10003968,Furniture,Chairs,Novimex Turbo Task Chair,340.704,6,0.2,-34.0704,665,563.43,-56.343,375.038,-13.196,21,0
6154,CA-2017-151484,2017-04-20,2017-04-23,First Class,CV-12805,Cynthia Voltz,Corporate,United States,Philadelphia,Pennsylvania,19120,East,FUR-FU-10001876,Furniture,Furnishings,"Computer Room Manger, 14""",51.968,2,0.2,10.3936,90,220.2656,-42.1096,160.02653333333333,-9.8022,3,0
6157,CA-2017-151484,2017-04-20,2017-04-23,First Class,CV-12805,Cynthia Voltz,Corporate,United States,Philadelphia,Pennsylvania,19120,East,FUR-FU-10004671,Furniture,Furnishings,"Executive Impressions 12"" Wall Clock",42.408,3,0.2,9.5418,90,51.968,10.3936,104.88053333333335,-7.3914,3,0
6165,CA-2014-103989,2014-03-19,2014-03-21,First Class,MC-17605,Matt Connell,Corporate,United States,Lakeland,Florida,33801,South,FUR-FU-10003981,Furniture,Furnishings,Eldon Wave Desk Accessories,4.992,3,0.2,1.3728,0,674.058,-19.2588,296.6766666666667,1.070666666666666,0,1
6166,CA-2014-103989,2014-03-19,2014-03-21,First Class,MC-17605,Matt Connell,Corporate,United States,Lakeland,Florida,33801,South,FUR-FU-10002508,Furniture,Furnishings,Document Clip Frames,20.016,3,0.2,5.5044,0,4.992,1.3728,233.02200000000002,-4.127200000000001,0,1
6191,CA-2016-157259,2016-12-24,2016-12-28,Standard Class,JM-15535,Jessica Myrick,Consumer,United States,New York City,New York,10035,East,FUR-FU-10003192,Furniture,Furnishings,Luxo Adjustable Task Clamp Lamp,799.56,9,0.0,207.8856,526,257.499,24.2352,417.5083333333334,72.7744,17,1
6203,CA-2016-118332,2016-12-16,2016-12-23,Standard Class,PK-19075,Pete Kriz,Consumer,United States,Apple Valley,California,92307,West,FUR-CH-10001708,Furniture,Chairs,Office Star - Contemporary Swivel Chair with Padded Adjustable Arms and Flex Back,563.92,5,0.2,7.049,102,1478.272,92.392,732.5213333333332,28.707800000000002,3,1
6227,CA-2015-133445,2015-10-05,2015-10-09,Standard Class,JF-15490,Jeremy Farry,Consumer,United States,Portland,Oregon,97206,West,FUR-CH-10000422,Furniture,Chairs,Global Highback Leather Tilter in Burgundy,291.168,4,0.2,-14.5584,282,66.294,-103.8606,195.914,-31.797000000000008,10,1
6239,CA-2015-134075,2015-12-12,2015-12-16,Standard Class,HA-14905,Helen Abelman,Consumer,United States,San Jose,California,95123,West,FUR-FU-10004597,Furniture,Furnishings,Eldon Cleatmat Chair Mats for Medium Pile Carpets,166.5,3,0.0,21.645,29,17.496,-7.4358,254.37733333333333,-4.915866666666667,1,0
6246,CA-2015-112305,2015-11-20,2015-11-25,Standard Class,KB-16405,Katrina Bavinger,Home Office,United States,Seattle,Washington,98105,West,FUR-FU-10002364,Furniture,Furnishings,"Eldon Expressions Wood Desk Accessories, Oak",22.14,3,0.0,6.4206,0,181.764,-8.0784,98.235,4.1556,0,1
6249,CA-2017-121580,2017-05-29,2017-06-04,Standard Class,ML-17410,Maris LaWare,Consumer,United States,Columbus,Indiana,47201,Central,FUR-FU-10003981,Furniture,Furnishings,Eldon Wave Desk Accessories,6.24,3,0.0,2.6208,0,311.976,-42.8967,159.928,-10.059300000000002,0,0
6271,CA-2017-102379,2017-12-02,2017-12-06,Standard Class,BB-11545,Brenda Bowman,Corporate,United States,Oakland,California,94601,West,FUR-CH-10004983,Furniture,Chairs,Office Star - Mid Back Dual function Ergonomic High Back Chair with 2-Way Adjustable Arms,1159.056,9,0.2,43.4646,386,212.94,25.5528,473.32933333333335,22.3202,13,0
6276,US-2016-139087,2016-07-17,2016-07-22,Second Class,DK-13375,Dennis Kane,Consumer,United States,Seattle,Washington,98105,West,FUR-FU-10004164,Furniture,Furnishings,"Eldon 300 Class Desk Accessories, Black",24.75,5,0.0,10.89,224,12.42,4.4712,35.952000000000005,-2.9579999999999997,7,1
6285,CA-2016-100944,2016-09-24,2016-09-28,Standard Class,EH-13765,Edward Hooks,Corporate,United States,Los Angeles,California,90049,West,FUR-CH-10000988,Furniture,Chairs,Hon Olson Stacker Stools,563.24,5,0.2,56.324,380,28.28,7.3528,317.82666666666665,48.97586666666666,12,1
6286,CA-2016-125080,2016-10-21,2016-10-26,Standard Class,VW-21775,Victoria Wilson,Corporate,United States,Lakewood,Ohio,44107,East,FUR-TA-10003238,Furniture,Tables,"Chromcraft Bull-Nose Wood 48"" x 96"" Rectangular Conference Tables",661.176,2,0.4,-231.4116,894,21.36,8.1168,378.3286666666667,-155.8726,29,1
6288,CA-2014-100090,2014-07-08,2014-07-12,Standard Class,EB-13705,Ed Braxton,Corporate,United States,San Francisco,California,94122,West,FUR-TA-10003715,Furniture,Tables,Hon 2111 Invitation Series Corner Table,502.488,3,0.2,-87.9354,0,1293.488,80.843,693.4466666666667,-27.640933333333333,0,0
6290,US-2015-139675,2015-03-13,2015-03-18,Second Class,NF-18595,Nicole Fjeld,Home Office,United States,Chico,California,95928,West,FUR-CH-10004063,Furniture,Chairs,Global Deluxe High-Back Manager's Chair,915.136,4,0.2,102.9528,328,76.14,26.649,366.5586666666666,50.788599999999995,11,1
6291,US-2015-139675,2015-03-13,2015-03-18,Second Class,NF-18595,Nicole Fjeld,Home Office,United States,Chico,California,95928,West,FUR-FU-10001979,Furniture,Furnishings,Dana Halogen Swing-Arm Architect Lamp,327.76,8,0.0,91.7728,328,915.136,102.9528,439.6786666666667,73.79153333333333,11,1
6340,CA-2017-143112,2017-10-05,2017-10-09,Standard Class,TS-21370,Todd Sumrall,Corporate,United States,New York City,New York,10035,East,FUR-CH-10002880,Furniture,Chairs,"Global High-Back Leather Tilter, Burgundy",221.382,2,0.1,2.4598,1073,199.836,-37.1124,210.399,-130.53896666666665,36,0
6351,CA-2017-161557,2017-09-03,2017-09-08,Standard Class,AG-10900,Arthur Gainer,Consumer,United States,Dallas,Texas,75217,Central,FUR-FU-10004622,Furniture,Furnishings,Eldon Advantage Foldable Chair Mats for Low Pile Carpets,108.4,5,0.6,-105.69,729,173.24,17.324,191.61300000000003,-36.35413333333333,24,1
6370,CA-2016-103919,2016-10-03,2016-10-07,Standard Class,TP-21565,Tracy Poddar,Corporate,United States,Grand Prairie,Texas,75051,Central,FUR-FU-10001756,Furniture,Furnishings,"Eldon Expressions Desk Accessory, Wood Photo Frame, Mahogany",38.08,5,0.6,-29.512,0,650.352,-97.5528,264.4053333333333,-47.15753333333333,0,1
6371,CA-2016-113425,2016-11-21,2016-11-21,Same Day,JK-16120,Julie Kriz,Home Office,United States,New York City,New York,10009,East,FUR-BO-10002598,Furniture,Bookcases,"Hon Metal Bookcases, Putty",113.568,2,0.2,12.7764,414,7.996,-6.9965,200.84133333333332,-87.85256666666668,13,1
6372,CA-2017-143035,2017-10-03,2017-10-05,Second Class,CC-12430,Chuck Clark,Home Office,United States,New York City,New York,10009,East,FUR-FU-10001934,Furniture,Furnishings,Magnifier Swing Arm Lamp,83.92,4,0.0,21.8192,758,6.98,3.3504,203.0573333333333,-24.002133333333333,25,0
6375,CA-2014-107811,2014-04-29,2014-05-03,Standard Class,LA-16780,Laura Armstrong,Corporate,United States,Memphis,Tennessee,38109,South,FUR-CH-10001394,Furniture,Chairs,Global Leather Executive Chair,561.584,2,0.2,70.198,0,3504.9,700.98,1424.7479999999998,285.4532,0,1
6382,CA-2016-127236,2016-03-29,2016-04-02,Standard Class,TB-21595,Troy Blackwell,Consumer,United States,Springfield,Ohio,45503,East,FUR-BO-10004015,Furniture,Bookcases,"Bush Andora Bookcase, Maple/Graphite Gray Finish",299.975,5,0.5,-167.986,770,25.16,-11.322,359.8616666666667,-39.65066666666666,25,1
6395,CA-2016-129126,2016-12-14,2016-12-19,Standard Class,PK-19075,Pete Kriz,Consumer,United States,New York City,New York,10011,East,FUR-FU-10002937,Furniture,Furnishings,"GE 48"" Fluorescent Tube, Cool White Energy Saver, 34 Watts, 30/Box",396.92,4,0.0,198.46,100,563.92,7.049,813.0373333333333,99.30033333333334,3,1
6402,CA-2017-125472,2017-05-30,2017-05-31,First Class,BD-11725,Bruce Degenhardt,Consumer,United States,Lafayette,Louisiana,70506,South,FUR-BO-10000330,Furniture,Bookcases,"Sauder Camden County Barrister Bookcase, Planked Cherry Finish",241.96,2,0.0,33.8744,697,9.24,4.4352,125.05333333333333,16.488666666666667,22,1
6404,CA-2017-125472,2017-05-30,2017-05-31,First Class,BD-11725,Bruce Degenhardt,Consumer,United States,Lafayette,Louisiana,70506,South,FUR-FU-10001731,Furniture,Furnishings,Acrylic Self-Standing Desk Frames,8.01,3,0.0,3.0438,697,241.96,33.8744,86.40333333333335,13.784466666666667,22,1
6408,CA-2017-161774,2017-05-14,2017-05-15,First Class,GT-14710,Greg Tran,Consumer,United States,Houston,Texas,77041,Central,FUR-CH-10003981,Furniture,Chairs,Global Commerce Series Low-Back Swivel/Tilt Chairs,899.43,5,0.3,-12.849,909,1267.53,316.8825,737.14,106.2351,30,1
6420,CA-2016-140130,2016-10-31,2016-11-05,Standard Class,HW-14935,Helen Wasserman,Corporate,United States,Tulsa,Oklahoma,74133,Central,FUR-CH-10002084,Furniture,Chairs,Hon Mobius Operator's Chair,368.97,3,0.0,81.1734,0,825.174,-117.882,405.458,-9.790900000000002,0,1
6436,US-2017-116897,2017-05-27,2017-05-29,First Class,JG-15160,James Galang,Consumer,United States,Pocatello,Idaho,83201,West,FUR-FU-10004963,Furniture,Furnishings,"Eldon 400 Class Desk Accessories, Black Carbon",35.0,4,0.0,14.7,746,191.82,74.8098,206.79599999999996,15.077799999999996,24,0
6439,US-2017-113992,2017-12-14,2017-12-19,Standard Class,LC-16885,Lena Creighton,Consumer,United States,Plano,Texas,75023,Central,FUR-TA-10000577,Furniture,Tables,Bretford CR4500 Series Slim Rectangular Table,974.988,4,0.3,-97.4988,755,572.16,35.76,566.3693333333334,-81.3636,25,0
6440,CA-2014-166891,2014-10-04,2014-10-06,First Class,CC-12220,Chris Cortes,Consumer,United States,New York City,New York,10024,East,FUR-CH-10003298,Furniture,Chairs,"Office Star - Contemporary Task Swivel chair with Loop Arms, Charcoal",589.41,5,0.1,-6.549,0,637.896,-127.5792,423.05199999999996,-41.0824,0,0
6445,CA-2016-101161,2016-10-13,2016-10-20,Standard Class,BW-11110,Bart Watters,Corporate,United States,New York City,New York,10024,East,FUR-FU-10003535,Furniture,Furnishings,Howard Miller Distant Time Traveler Alarm Clock,82.26,3,0.0,33.7266,536,569.568,7.1196,234.51333333333332,2.8420666666666654,18,1
6492,CA-2016-113845,2016-11-20,2016-11-25,Standard Class,FA-14230,Frank Atkinson,Corporate,United States,Orlando,Florida,32839,South,FUR-BO-10004695,Furniture,Bookcases,O'Sullivan 2-Door Barrister Bookcase in Odessa Pine,289.568,2,0.2,10.8588,650,15.488,3.6784,115.27999999999999,-5.350266666666667,21,1
6517,US-2017-116652,2017-09-15,2017-09-19,Standard Class,RD-19480,Rick Duston,Consumer,United States,San Francisco,California,94122,West,FUR-FU-10001488,Furniture,Furnishings,"Tenex 46"" x 60"" Computer Anti-Static Chairmat, Rectangular Shaped",529.9,5,0.0,105.98,288,218.352,0.0,255.18733333333333,37.05766666666667,9,1
6536,CA-2014-128209,2014-11-17,2014-11-22,Standard Class,GT-14710,Greg Tran,Consumer,United States,Buffalo,New York,14215,East,FUR-BO-10002213,Furniture,Bookcases,DMI Eclipse Executive Suite Bookcases,4007.84,10,0.2,-50.098,0,899.43,-12.849,2058.266666666667,84.64516666666667,0,1
6540,CA-2015-109862,2015-10-25,2015-10-30,Standard Class,HK-14890,Heather Kirkland,Corporate,United States,Newark,Delaware,19711,East,FUR-CH-10002439,Furniture,Chairs,"Iceberg Nesting Folding Chair, 19w x 6d x 43h",291.1,5,0.0,75.686,0,696.42,160.1766,334.5586666666666,74.58186666666667,0,1
6542,US-2017-107888,2017-11-16,2017-11-19,First Class,CC-12220,Chris Cortes,Consumer,United States,Seattle,Washington,98103,West,FUR-FU-10003394,Furniture,Furnishings,"Tenex ""The Solids"" Textured Chair Mats",139.92,2,0.0,23.7864,1139,589.41,-6.549,455.742,-36.78059999999999,37,0
6550,US-2015-164966,2015-07-30,2015-08-01,First Class,GH-14410,Gary Hansen,Home Office,United States,Lakeville,Minnesota,55044,Central,FUR-CH-10002304,Furniture,Chairs,"Global Stack Chair without Arms, Black",155.88,6,0.0,38.97,0,14.224,-10.3124,246.38733333333334,-50.063066666666664,0,1
6559,CA-2015-166947,2015-06-05,2015-06-10,Standard Class,EB-13750,Edward Becker,Corporate,United States,Buffalo,New York,14215,East,FUR-CH-10004997,Furniture,Chairs,Hon Every-Day Series Multi-Task Chairs,1522.638,9,0.1,169.182,85,63.2,23.384,530.7486666666666,64.66926666666666,3,0
6564,CA-2014-166086,2014-05-07,2014-05-12,Standard Class,CT-11995,Carol Triggs,Consumer,United States,Lawrence,Massachusetts,1841,East,FUR-TA-10003469,Furniture,Tables,Balt Split Level Computer Training Table,194.25,2,0.3,-38.85,0,242.352,-42.4116,162.85666666666665,-23.622666666666664,0,1
6566,CA-2014-166086,2014-05-07,2014-05-12,Standard Class,CT-11995,Carol Triggs,Consumer,United States,Lawrence,Massachusetts,1841,East,FUR-CH-10004675,Furniture,Chairs,"Lifetime Advantage Folding Chairs, 4/Carton",872.32,4,0.0,244.2496,0,194.25,-38.85,436.30733333333336,54.32933333333333,0,1
6570,CA-2014-100678,2014-04-18,2014-04-22,Standard Class,KM-16720,Kunst Miller,Consumer,United States,Houston,Texas,77095,Central,FUR-CH-10002602,Furniture,Chairs,DMI Arturo Collection Mission-style Design Wood Chair,317.058,3,0.3,-18.1176,0,134.01,36.1827,375.14000000000004,-30.505700000000004,0,1
6577,CA-2017-123085,2017-03-03,2017-03-08,Standard Class,EJ-13720,Ed Jacobs,Consumer,United States,Los Angeles,California,90008,West,FUR-CH-10003968,Furniture,Chairs,Novimex Turbo Task Chair,170.352,3,0.2,-17.0352,1131,56.568,-74.9526,186.64000000000001,-36.2126,38,1
6582,CA-2016-169887,2016-10-22,2016-10-22,Same Day,MS-17530,MaryBeth Skach,Consumer,United States,Seattle,Washington,98105,West,FUR-FU-10003095,Furniture,Furnishings,"Linden 12"" Wall Clock With Oak Frame",101.94,3,0.0,30.582,718,301.96,45.294,146.41333333333333,29.7684,23,1
6586,CA-2017-104731,2017-07-21,2017-07-27,Standard Class,AM-10705,Anne McFarland,Consumer,United States,Salem,Virginia,24153,South,FUR-FU-10003274,Furniture,Furnishings,Regeneration Desk Collection,8.8,5,0.0,3.872,994,871.4,148.138,421.962,30.4674,33,1
6588,CA-2017-104731,2017-07-21,2017-07-27,Standard Class,AM-10705,Anne McFarland,Consumer,United States,Salem,Virginia,24153,South,FUR-BO-10003441,Furniture,Bookcases,"Bush Westfield Collection Bookcases, Fully Assembled",302.94,3,0.0,69.6762,994,8.8,3.872,394.38000000000005,73.8954,33,1
6608,CA-2016-148852,2016-05-26,2016-05-31,Standard Class,SV-20785,Stewart Visinsky,Consumer,United States,Santa Ana,California,92704,West,FUR-CH-10004860,Furniture,Chairs,Global Low Back Tilter Chair,484.704,6,0.2,-84.8232,389,715.2,178.8,681.34,19.266800000000003,12,1
6615,CA-2015-107678,2015-04-21,2015-04-28,Standard Class,JK-16090,Juliana Krohn,Consumer,United States,Louisville,Kentucky,40214,South,FUR-FU-10003394,Furniture,Furnishings,"Tenex ""The Solids"" Textured Chair Mats",209.88,3,0.0,35.6796,0,191.96,51.8292,206.53466666666668,-99.06920000000001,0,0
6622,US-2017-167402,2017-01-13,2017-01-18,Second Class,CP-12085,Cathy Prescott,Corporate,United States,Springfield,Missouri,65807,Central,FUR-BO-10001608,Furniture,Bookcases,"Hon Metal Bookcases, Black",212.94,3,0.0,53.235,661,238.152,89.307,165.66,50.57320000000001,22,0
6632,CA-2016-105081,2016-12-25,2016-12-30,Standard Class,JE-15715,Joe Elijah,Consumer,United States,Seattle,Washington,98115,West,FUR-TA-10001307,Furniture,Tables,"SAFCO PlanMaster Heigh-Adjustable Drafting Table Base, 43w x 30d x 30-37h, Black",1747.25,5,0.0,629.01,170,698.352,52.3764,1036.1606666666667,251.9868,5,1
6640,CA-2014-108609,2014-10-31,2014-11-02,Second Class,AJ-10780,Anthony Jacobs,Corporate,United States,Lorain,Ohio,44052,East,FUR-TA-10003954,Furniture,Tables,Hon 94000 Series Round Tables,1421.664,8,0.4,-734.5264,294,261.96,23.5764,578.5213333333332,-229.88486666666665,9,1
6647,US-2016-127334,2016-12-15,2016-12-21,Standard Class,MP-18175,Mike Pelletier,Home Office,United States,Springfield,Oregon,97477,West,FUR-TA-10003473,Furniture,Tables,Bretford Rectangular Conference Table Tops,564.195,3,0.5,-304.6653,993,275.952,-37.9434,288.79900000000004,-110.5279,33,0
6652,US-2017-124779,2017-09-08,2017-09-11,First Class,BF-11020,Barry Franzsisch,Corporate,United States,Arlington,Texas,76017,Central,FUR-FU-10001095,Furniture,Furnishings,DAX Black Cherry Wood-Tone Poster Frame,21.184,2,0.6,-11.6512,428,218.352,-19.1058,125.33333333333333,-5.134933333333333,14,1
6654,US-2017-124779,2017-09-08,2017-09-11,First Class,BF-11020,Barry Franzsisch,Corporate,United States,Arlington,Texas,76017,Central,FUR-CH-10003535,Furniture,Chairs,"Global Armless Task Chair, Royal Blue",213.43,5,0.3,-39.637,428,21.184,-11.6512,150.98866666666666,-23.46466666666667,14,1
6659,CA-2017-135937,2017-02-20,2017-02-27,Standard Class,KM-16375,Katherine Murray,Home Office,United States,Gilbert,Arizona,85234,West,FUR-FU-10002253,Furniture,Furnishings,"Howard Miller 13"" Diameter Pewter Finish Round Wall Clock",68.704,2,0.2,16.3172,946,981.372,-140.196,355.60533333333336,-46.03593333333333,31,1
6660,CA-2017-135937,2017-02-20,2017-02-27,Standard Class,KM-16375,Katherine Murray,Home Office,United States,Gilbert,Arizona,85234,West,FUR-TA-10001039,Furniture,Tables,KI Adjustable-Height Table,386.91,9,0.5,-185.7168,946,68.704,16.3172,478.9953333333333,-103.19853333333333,31,1
6667,CA-2017-122175,2017-05-12,2017-05-14,Second Class,CA-12775,Cynthia Arntzen,Consumer,United States,Vineland,New Jersey,8360,East,FUR-FU-10000719,Furniture,Furnishings,"DAX Cubicle Frames, 8-1/2 x 11",42.85,5,0.0,15.426,1049,498.26,134.5302,311.425,-18.16319999999999,35,1
6679,CA-2014-150329,2014-10-10,2014-10-14,Standard Class,SD-20485,Shirley Daniels,Home Office,United States,Phoenix,Arizona,85023,West,FUR-FU-10003724,Furniture,Furnishings,Westinghouse Clip-On Gooseneck Lamps,46.872,7,0.2,3.5154,257,12.42,4.4712,40.704,12.922799999999997,9,1
6686,US-2015-129637,2015-12-17,2015-12-22,Standard Class,MC-18100,Mick Crebagga,Consumer,United States,Bloomington,Illinois,61701,Central,FUR-FU-10000965,Furniture,Furnishings,"Howard Miller 11-1/2"" Diameter Ridgewood Wall Clock",41.552,2,0.6,-19.7372,367,51.588,-15.4764,37.28,-9.369200000000001,12,0
6709,CA-2015-123141,2015-11-14,2015-11-19,Standard Class,GZ-14470,Gary Zandusky,Consumer,United States,Rio Rancho,New Mexico,87124,West,FUR-CH-10004287,Furniture,Chairs,SAFCO Arco Folding Chair,883.84,4,0.2,99.432,466,971.5,252.59,623.236,118.65773333333334,15,1
6710,CA-2015-123141,2015-11-14,2015-11-19,Standard Class,GZ-14470,Gary Zandusky,Consumer,United States,Rio Rancho,New Mexico,87124,West,FUR-CH-10001891,Furniture,Chairs,Global Deluxe Office Fabric Chairs,230.352,3,0.2,20.1558,466,883.84,99.432,695.2306666666667,124.05926666666669,15,1
6714,CA-2017-107629,2017-12-14,2017-12-14,Same Day,DB-13060,Dave Brooks,Consumer,United States,Skokie,Illinois,60076,Central,FUR-FU-10004091,Furniture,Furnishings,"Howard Miller 13"" Diameter Goldtone Round Wall Clock",56.328,3,0.6,-26.7558,1384,266.352,-292.9872,260.0826666666666,-89.42219999999999,45,0
6719,CA-2016-134789,2016-04-08,2016-04-15,Standard Class,CK-12325,Christine Kargatis,Home Office,United States,Hot Springs,Arkansas,71901,South,FUR-FU-10003268,Furniture,Furnishings,Eldon Radial Chair Mat for Low to Medium Pile Carpets,159.92,4,0.0,31.984,756,1139.92,284.98,457.72,112.98666666666666,25,1
6731,CA-2015-156734,2015-06-18,2015-06-20,First Class,BV-11245,Benjamin Venier,Corporate,United States,Smyrna,Tennessee,37167,South,FUR-CH-10002965,Furniture,Chairs,"Global Leather Highback Executive Chair with Pneumatic Height Adjustment, Black",643.136,4,0.2,56.2744,0,68.95,28.959,248.88866666666664,33.25233333333333,0,1
6741,CA-2014-144029,2014-05-26,2014-05-31,Standard Class,MM-18055,Michelle Moray,Consumer,United States,Chicago,Illinois,60623,Central,FUR-CH-10003981,Furniture,Chairs,Global Commerce Series Low-Back Swivel/Tilt Chairs,359.772,2,0.3,-5.1396,0,664.146,88.5528,596.5143333333333,-161.04976666666667,0,1
6743,US-2017-101784,2017-07-06,2017-07-11,Standard Class,PO-18850,Patrick O'Brill,Consumer,United States,Los Angeles,California,90008,West,FUR-CH-10001146,Furniture,Chairs,"Global Task Chair, Black",122.136,3,0.2,-13.7403,601,2.784,0.4176,303.888,-90.6081,20,0
6766,CA-2017-100615,2017-04-20,2017-04-24,Standard Class,SJ-20215,Sarah Jordon,Consumer,United States,Chicago,Illinois,60653,Central,FUR-CH-10002602,Furniture,Chairs,DMI Arturo Collection Mission-style Design Wood Chair,317.058,3,0.3,-18.1176,801,170.352,-17.0352,230.4433333333333,-4.0706,26,0
6768,CA-2017-100615,2017-04-20,2017-04-24,Standard Class,SJ-20215,Sarah Jordon,Consumer,United States,Chicago,Illinois,60653,Central,FUR-FU-10002456,Furniture,Furnishings,"Master Caster Door Stop, Large Neon Orange",14.56,5,0.6,-6.188,801,317.058,-18.1176,167.32333333333335,-13.780266666666668,26,0
6779,US-2016-147711,2016-09-03,2016-09-08,Second Class,HF-14995,Herbert Flentye,Consumer,United States,Baltimore,Maryland,21215,East,FUR-BO-10003159,Furniture,Bookcases,"Sauder Camden County Collection Libraries, Planked Cherry Finish",344.94,3,0.0,31.0446,831,556.665,6.549,375.6336666666666,20.041066666666666,28,1
6780,US-2016-147711,2016-09-03,2016-09-08,Second Class,HF-14995,Herbert Flentye,Consumer,United States,Baltimore,Maryland,21215,East,FUR-FU-10002364,Furniture,Furnishings,"Eldon Expressions Wood Desk Accessories, Oak",14.76,2,0.0,4.2804,831,344.94,31.0446,305.455,13.957999999999998,28,1
6785,CA-2017-121293,2017-07-25,2017-07-28,Second Class,JC-15775,John Castell,Consumer,United States,Philadelphia,Pennsylvania,19143,East,FUR-TA-10001771,Furniture,Tables,"Bush Cubix Conference Tables, Fully Assembled",138.588,1,0.4,-34.647,1045,20.096,3.0144,100.36133333333333,7.018466666666669,34,1
6792,CA-2016-162348,2016-11-10,2016-11-15,Standard Class,BF-11170,Ben Ferrer,Home Office,United States,Sacramento,California,95823,West,FUR-FU-10003731,Furniture,Furnishings,"Eldon Expressions Wood and Plastic Desk Accessories, Oak",9.98,1,0.0,2.7944,687,23.99,5.5177,17.531333333333333,4.8659,23,0
6796,CA-2015-145394,2015-11-16,2015-11-20,Standard Class,MC-17605,Matt Connell,Corporate,United States,Chicago,Illinois,60610,Central,FUR-FU-10001215,Furniture,Furnishings,"Howard Miller 11-1/2"" Diameter Brentwood Wall Clock",34.504,2,0.6,-15.5268,607,20.016,5.5044,19.837333333333333,-2.8832000000000004,20,1
6797,CA-2015-168809,2015-08-25,2015-08-25,Same Day,MC-18100,Mick Crebagga,Consumer,United States,Houston,Texas,77041,Central,FUR-FU-10001473,Furniture,Furnishings,"Eldon Executive Woodline II Desk Accessories, Mahogany",20.104,2,0.6,-16.5858,253,41.552,-19.7372,37.748,-17.266466666666666,8,0
6799,CA-2015-168809,2015-08-25,2015-08-25,Same Day,MC-18100,Mick Crebagga,Consumer,United States,Houston,Texas,77041,Central,FUR-FU-10002240,Furniture,Furnishings,Nu-Dell EZ-Mount Plastic Wall Frames,7.88,5,0.6,-3.94,253,20.104,-16.5858,23.17866666666667,-13.421,8,0
6804,CA-2016-109827,2016-12-25,2017-01-01,Standard Class,LW-16825,Laurel Workman,Corporate,United States,Phoenix,Arizona,85023,West,FUR-CH-10004754,Furniture,Chairs,"Global Stack Chair with Arms, Black",47.968,2,0.2,4.1972,761,35.445,-24.1026,35.76433333333333,-3.132733333333333,25,1
6809,CA-2015-128125,2015-03-31,2015-04-05,Standard Class,EB-13705,Ed Braxton,Corporate,United States,Houston,Texas,77095,Central,FUR-FU-10001085,Furniture,Furnishings,3M Polarizing Light Filter Sleeves,22.38,3,0.6,-7.833,266,502.488,-87.9354,606.1186666666666,-4.975133333333333,8,0
6821,CA-2017-163860,2017-12-28,2018-01-01,Standard Class,LO-17170,Lori Olson,Corporate,United States,Peoria,Illinois,61604,Central,FUR-CH-10004698,Furniture,Chairs,"Padded Folding Chairs, Black, 4/Carton",113.372,2,0.3,-3.2392,214,7.968,-2.3904,122.92666666666666,31.94026666666667,7,0
6822,CA-2017-163860,2017-12-28,2018-01-01,Standard Class,LO-17170,Lori Olson,Corporate,United States,Peoria,Illinois,61604,Central,FUR-FU-10001935,Furniture,Furnishings,3M Hangers With Command Adhesive,2.96,2,0.6,-1.406,214,113.372,-3.2392,41.43333333333333,-2.3451999999999997,7,0
6834,CA-2016-153101,2016-09-08,2016-09-08,Same Day,PJ-19015,Pauline Johnson,Consumer,United States,Santa Ana,California,92704,West,FUR-TA-10003008,Furniture,Tables,"Lesro Round Back Collection Coffee Table, End Table",146.04,1,0.2,-12.7785,885,8.96,2.7776,57.76,-1.2618999999999996,29,1
6845,CA-2016-123946,2016-09-12,2016-09-17,Standard Class,AJ-10795,Anthony Johnson,Corporate,United States,Springfield,Virginia,22153,South,FUR-CH-10002073,Furniture,Chairs,Hon Olson Stacker Chairs,1059.12,4,0.0,307.1448,852,1194.165,210.735,774.6149999999999,180.62339999999998,28,1
6846,CA-2014-147543,2014-07-06,2014-07-12,Standard Class,BC-11125,Becky Castell,Home Office,United States,El Cajon,California,92020,West,FUR-CH-10000155,Furniture,Chairs,Global Comet Stacking Armless Chair,478.48,2,0.2,47.848,0,340.116,-9.7176,321.4533333333333,10.0108,0,1
6850,CA-2014-101462,2014-04-20,2014-04-25,Standard Class,BP-11230,Benjamin Patterson,Consumer,United States,Los Angeles,California,90045,West,FUR-FU-10000409,Furniture,Furnishings,"GE 4 Foot Flourescent Tube, 40 Watt",59.92,4,0.0,27.5632,0,14.76,4.2804,48.553333333333335,17.475933333333334,0,0
6851,US-2016-100461,2016-01-08,2016-01-12,Standard Class,JO-15145,Jack O'Briant,Corporate,United States,Franklin,Wisconsin,53132,Central,FUR-BO-10002545,Furniture,Bookcases,"Atlantic Metals Mobile 3-Shelf Bookcases, Custom Colors",1565.88,6,0.0,407.1288,407,399.672,-14.9877,664.4906666666667,133.41263333333333,14,0
6863,CA-2017-128965,2017-04-17,2017-04-22,Standard Class,PS-18760,Pamela Stobb,Consumer,United States,Los Angeles,California,90008,West,FUR-CH-10003774,Furniture,Chairs,"Global Wood Trimmed Manager's Task Chair, Khaki",218.352,3,0.2,-19.1058,692,127.936,4.7976,153.22,-14.487,23,1
6877,US-2016-121013,2016-09-05,2016-09-10,Standard Class,MM-17920,Michael Moore,Consumer,United States,Chesapeake,Virginia,23320,South,FUR-TA-10003238,Furniture,Tables,"Chromcraft Bull-Nose Wood 48"" x 96"" Rectangular Conference Tables",1652.94,3,0.0,314.0586,604,29.98,8.0946,754.96,142.302,20,1
6878,US-2015-123918,2015-10-15,2015-10-15,Same Day,CG-12520,Claire Gute,Consumer,United States,Dallas,Texas,75217,Central,FUR-FU-10004952,Furniture,Furnishings,"C-Line Cubicle Keepers Polyproplyene Holder w/Velcro Back, 8-1/2x11, 25/Bx",131.376,6,0.6,-95.2476,0,731.94,219.582,375.09200000000004,55.416,0,1
6882,CA-2015-137113,2015-12-01,2015-12-05,Second Class,TW-21025,Tamara Willingham,Home Office,United States,Seattle,Washington,98105,West,FUR-TA-10001705,Furniture,Tables,Bush Advantage Collection Round Conference Table,1913.4,9,0.0,401.814,87,2003.92,125.245,1328.4266666666667,179.7639333333333,3,1
6885,CA-2015-120677,2015-05-31,2015-06-04,Standard Class,BD-11320,Bill Donatelli,Consumer,United States,Minneapolis,Minnesota,55407,Central,FUR-CH-10002320,Furniture,Chairs,Hon Pagoda Stacking Chairs,2567.84,8,0.0,770.352,0,18.84,6.0288,1026.505,254.09993333333333,0,0
6894,CA-2017-164756,2017-09-18,2017-09-22,Standard Class,SS-20140,Saphhira Shifley,Corporate,United States,Columbus,Georgia,31907,South,FUR-FU-10002963,Furniture,Furnishings,"Master Caster Door Stop, Gray",20.32,4,0.0,6.9088,1030,21.12,6.5472,15.936,3.6362666666666663,34,1
6946,CA-2016-106243,2016-09-30,2016-10-04,Standard Class,GM-14680,Greg Matthias,Consumer,United States,New York City,New York,10011,East,FUR-BO-10003034,Furniture,Bookcases,"O'Sullivan Elevations Bookcase, Cherry Finish",523.92,5,0.2,-26.196,874,330.588,-115.7058,288.95266666666663,-45.48926666666667,28,1
6949,CA-2015-130365,2015-04-25,2015-04-29,Standard Class,ZC-21910,Zuschuss Carroll,Consumer,United States,Aurora,Illinois,60505,Central,FUR-CH-10003535,Furniture,Chairs,"Global Armless Task Chair, Royal Blue",128.058,3,0.3,-23.7822,194,38.976,-50.6688,561.078,106.58699999999999,6,0
6951,CA-2017-143021,2017-11-19,2017-11-19,Same Day,AP-10720,Anne Pryor,Home Office,United States,New York City,New York,10011,East,FUR-TA-10001676,Furniture,Tables,Hon 61000 Series Interactive Training Tables,79.974,3,0.4,-29.3238,437,25.632,3.8448,93.182,-3.854599999999999,14,0
6993,CA-2015-109386,2015-11-08,2015-11-13,Second Class,RH-19600,Rob Haberlin,Consumer,United States,Hampton,Virginia,23666,South,FUR-FU-10000308,Furniture,Furnishings,Deflect-o Glass Clear Studded Chair Mats,186.54,3,0.0,41.0388,129,382.116,-92.7996,325.69266666666664,-19.198466666666665,4,1
7002,CA-2015-104871,2015-03-30,2015-04-03,Standard Class,DR-12940,Daniel Raglin,Home Office,United States,Normal,Illinois,61761,Central,FUR-CH-10003298,Furniture,Chairs,"Office Star - Contemporary Task Swivel chair with Loop Arms, Charcoal",366.744,4,0.3,-110.0232,0,124.36,27.3592,183.948,-22.493,0,1
7003,CA-2014-133158,2014-08-19,2014-08-21,Second Class,DW-13195,David Wiener,Corporate,United States,Los Angeles,California,90045,West,FUR-FU-10000723,Furniture,Furnishings,"Deflect-o EconoMat Studded, No Bevel Mat for Low Pile Carpeting",289.24,7,0.0,26.0316,0,177.225,-120.513,157.84433333333334,-32.43620000000001,0,0
7006,CA-2015-141740,2015-11-01,2015-11-05,Standard Class,JF-15490,Jeremy Farry,Consumer,United States,New York City,New York,10009,East,FUR-CH-10001545,Furniture,Chairs,Hon Comfortask Task/Swivel Chairs,205.164,2,0.1,13.6776,309,291.168,-14.5584,187.542,-34.9138,11,1
7007,CA-2014-119466,2014-12-15,2014-12-21,Standard Class,SP-20860,Sung Pak,Corporate,United States,Chicago,Illinois,60623,Central,FUR-FU-10001546,Furniture,Furnishings,Dana Swing-Arm Lamps,8.544,2,0.6,-7.476,0,6.16,2.9568,566.4853333333333,68.6916,0,1
7010,CA-2015-154823,2015-08-21,2015-08-25,Standard Class,KN-16390,Katherine Nockton,Corporate,United States,Springfield,Ohio,45503,East,FUR-FU-10000193,Furniture,Furnishings,Tenex Chairmats For Use with Hard Floors,25.984,1,0.2,-3.8976,0,598.458,-42.747,336.40333333333336,-54.025000000000006,0,0
7014,CA-2017-141201,2017-12-09,2017-12-11,Second Class,DB-12910,Daniel Byrd,Home Office,United States,Salinas,California,93905,West,FUR-BO-10001519,Furniture,Bookcases,O'Sullivan 3-Shelf Heavy-Duty Bookcases,148.257,3,0.15,15.6978,617,7.04,3.0976,56.76833333333334,2.2630000000000003,20,0
7022,CA-2014-124737,2014-08-23,2014-08-27,Standard Class,AP-10915,Arthur Prichep,Consumer,United States,Denver,Colorado,80219,West,FUR-FU-10003274,Furniture,Furnishings,Regeneration Desk Collection,4.224,3,0.2,1.2672,0,112.648,11.2648,319.93733333333336,57.56353333333334,0,1
7033,CA-2016-145548,2016-11-11,2016-11-16,Standard Class,EB-13750,Edward Becker,Corporate,United States,New York City,New York,10011,East,FUR-CH-10003774,Furniture,Chairs,"Global Wood Trimmed Manager's Task Chair, Khaki",245.646,3,0.1,8.1882,610,1522.638,169.182,610.4946666666666,66.91806666666666,20,0
7036,CA-2017-119494,2017-11-09,2017-11-13,Standard Class,JE-15610,Jim Epp,Corporate,United States,San Diego,California,92105,West,FUR-CH-10004675,Furniture,Chairs,"Lifetime Advantage Folding Chairs, 4/Carton",523.392,3,0.2,52.3392,882,48.672,7.3008,565.3280000000001,-40.999,29,0
7044,US-2017-165358,2017-07-18,2017-07-23,Standard Class,SV-20365,Seth Vernon,Consumer,United States,Philadelphia,Pennsylvania,19134,East,FUR-CH-10002647,Furniture,Chairs,"Situations Contoured Folding Chairs, 4/Set",198.744,4,0.3,-14.196,1284,2254.41,375.735,1780.4269999999997,323.75156666666663,42,1
7055,CA-2016-165330,2016-12-11,2016-12-11,Same Day,WB-21850,William Brown,Consumer,United States,Anaheim,California,92804,West,FUR-CH-10003774,Furniture,Chairs,"Global Wood Trimmed Manager's Task Chair, Khaki",363.92,5,0.2,-31.843,768,573.728,-64.5444,326.98599999999993,-30.685466666666667,25,0
7058,CA-2016-165330,2016-12-11,2016-12-11,Same Day,WB-21850,William Brown,Consumer,United States,Anaheim,California,92804,West,FUR-TA-10004619,Furniture,Tables,Hon Non-Folding Utility Tables,892.136,7,0.2,111.517,768,363.92,-31.843,609.928,5.043199999999999,25,0
7081,CA-2016-106950,2016-09-02,2016-09-06,Standard Class,JE-15715,Joe Elijah,Consumer,United States,Charlotte,North Carolina,28205,South,FUR-TA-10001768,Furniture,Tables,Hon Racetrack Conference Tables,472.518,3,0.4,-149.6307,56,1747.25,629.01,972.7066666666666,177.25189999999998,2,1
7105,CA-2017-128944,2017-06-19,2017-06-21,Second Class,KH-16330,Katharine Harms,Corporate,United States,Newark,Ohio,43055,East,FUR-CH-10000785,Furniture,Chairs,Global Ergonomic Managers Chair,760.116,6,0.3,-43.4352,357,539.658,-7.7094,480.1946666666666,-3.9059333333333335,12,0
7106,CA-2017-128944,2017-06-19,2017-06-21,Second Class,KH-16330,Katharine Harms,Corporate,United States,Newark,Ohio,43055,East,FUR-FU-10004909,Furniture,Furnishings,Contemporary Wood/Metal Frame,38.784,3,0.2,7.272,357,760.116,-43.4352,446.186,-14.6242,12,0
7115,US-2016-102239,2016-05-05,2016-05-06,First Class,LW-16990,Lindsay Williams,Corporate,United States,Henderson,Nevada,89015,West,FUR-TA-10003392,Furniture,Tables,Global Adaptabilities Conference Tables,1685.88,6,0.0,320.3172,0,300.904,11.2839,672.9226666666667,111.20003333333334,0,0
7123,CA-2017-166926,2017-12-01,2017-12-08,Standard Class,SO-20335,Sean O'Donnell,Consumer,United States,Seattle,Washington,98105,West,FUR-BO-10002598,Furniture,Bookcases,"Hon Metal Bookcases, Putty",141.96,2,0.0,41.1684,782,14.136,4.2408,172.62,37.91413333333333,26,0
7124,CA-2015-128013,2015-08-09,2015-08-16,Standard Class,MF-18250,Monica Federle,Corporate,United States,New York City,New York,10035,East,FUR-FU-10000320,Furniture,Furnishings,OIC Stacking Trays,10.02,3,0.0,4.4088,328,103.936,16.8896,52.362,13.137666666666668,11,1
7129,US-2016-117541,2016-11-14,2016-11-20,Standard Class,JM-16195,Justin MacKendrick,Consumer,United States,Newark,Delaware,19711,East,FUR-FU-10000550,Furniture,Furnishings,Stacking Trays by OIC,19.92,4,0.0,6.5736,804,54.92,19.7712,33.333333333333336,12.304,26,1
7134,CA-2017-141439,2017-11-26,2017-12-01,Standard Class,TT-21460,Tonja Turnell,Home Office,United States,Richmond,Indiana,47374,Central,FUR-FU-10001473,Furniture,Furnishings,DAX Wood Document Frame,27.46,2,0.0,9.8856,267,257.94,67.0644,129.63333333333333,-0.22499999999999787,8,0
7136,CA-2017-141439,2017-11-26,2017-12-01,Standard Class,TT-21460,Tonja Turnell,Home Office,United States,Richmond,Indiana,47374,Central,FUR-CH-10004287,Furniture,Chairs,SAFCO Arco Folding Chair,828.6,3,0.0,240.294,267,27.46,9.8856,371.3333333333333,105.748,8,0
7168,CA-2014-117464,2014-07-22,2014-07-24,Second Class,NP-18325,Naresj Patel,Consumer,United States,San Francisco,California,94122,West,FUR-CH-10000155,Furniture,Chairs,Global Comet Stacking Armless Chair,717.72,3,0.2,71.772,31,6.16,2.9568,256.97333333333336,31.0248,1,1
7170,CA-2014-117464,2014-07-22,2014-07-24,Second Class,NP-18325,Naresj Patel,Consumer,United States,San Francisco,California,94122,West,FUR-TA-10004767,Furniture,Tables,Safco Drafting Table,170.352,3,0.2,19.1646,31,717.72,71.772,298.07733333333334,31.297799999999995,1,1
7171,US-2017-168613,2017-10-08,2017-10-14,Standard Class,GM-14440,Gary McGarr,Consumer,United States,New York City,New York,10009,East,FUR-CH-10002372,Furniture,Chairs,Office Star - Ergonomically Designed Knee Chair,145.764,2,0.1,3.2392,1297,572.16,35.76,681.228,62.71573333333333,43,0
7184,CA-2017-128853,2017-04-21,2017-04-23,First Class,JM-15250,Janet Martin,Consumer,United States,Baltimore,Maryland,21215,East,FUR-CH-10004218,Furniture,Chairs,"Global Fabric Manager's Chair, Dark Gray",908.82,9,0.0,227.205,388,418.296,5.2287,580.372,118.8779,13,0
7188,CA-2017-133102,2017-08-17,2017-08-24,Standard Class,ED-13885,Emily Ducich,Home Office,United States,Houston,Texas,77095,Central,FUR-FU-10003247,Furniture,Furnishings,36X48 HARDFLOOR CHAIRMAT,16.784,2,0.6,-22.2388,654,74.592,-2.1312,45.34866666666667,-4.103033333333333,21,1
7202,CA-2016-104276,2016-11-27,2016-12-03,Standard Class,HF-14995,Herbert Flentye,Consumer,United States,Fort Lauderdale,Florida,33311,South,FUR-TA-10001039,Furniture,Tables,KI Adjustable-Height Table,331.023,7,0.45,-114.3534,916,14.76,4.2804,230.24099999999999,-26.3428,30,1
7234,CA-2016-137337,2016-03-08,2016-03-12,Standard Class,GB-14575,Giulietta Baptist,Consumer,United States,New York City,New York,10011,East,FUR-FU-10003347,Furniture,Furnishings,Coloredge Poster Frame,113.6,8,0.0,44.304,270,1690.04,422.51,615.6453333333333,157.04786666666666,9,1
7241,CA-2017-136651,2017-04-23,2017-04-25,Second Class,JF-15355,Jay Fein,Consumer,United States,Pasadena,California,91104,West,FUR-FU-10002445,Furniture,Furnishings,"DAX Two-Tone Rosewood/Black Document Frame, Desktop, 5 x 7",66.36,7,0.0,26.544,548,842.352,42.1176,366.89333333333326,28.486266666666666,18,1
7243,CA-2017-136651,2017-04-23,2017-04-25,Second Class,JF-15355,Jay Fein,Consumer,United States,Pasadena,California,91104,West,FUR-FU-10004864,Furniture,Furnishings,Eldon 500 Class Desk Accessories,24.14,2,0.0,7.9662,548,66.36,26.544,310.9506666666667,25.542599999999997,18,1
7244,CA-2017-118892,2017-08-17,2017-08-22,Second Class,TP-21415,Tom Prescott,Consumer,United States,Philadelphia,Pennsylvania,19134,East,FUR-CH-10002024,Furniture,Chairs,HON 5400 Series Task Chairs for Big and Tall,4416.174,9,0.3,-630.882,628,322.59,64.518,1631.7122666666667,-206.41826666666665,21,1
7255,CA-2016-152730,2016-05-30,2016-06-04,Standard Class,EM-14140,Eugene Moren,Home Office,United States,Superior,Wisconsin,54880,Central,FUR-FU-10001037,Furniture,Furnishings,"DAX Charcoal/Nickel-Tone Document Frame, 5 x 7",47.4,5,0.0,21.33,0,113.568,-5.6784,91.61866666666667,8.538933333333333,0,0
7266,US-2014-143721,2014-11-23,2014-11-26,Second Class,DK-12835,Damala Kotsonis,Corporate,United States,Houston,Texas,77095,Central,FUR-CH-10001973,Furniture,Chairs,Office Star Flex Back Scooter Chair with White Frame,155.372,2,0.3,-35.5136,0,79.974,-29.3238,237.942,-5.663133333333332,0,0
7270,CA-2016-133368,2016-01-14,2016-01-20,Standard Class,AG-10675,Anna Gayman,Consumer,United States,Concord,North Carolina,28027,South,FUR-FU-10003374,Furniture,Furnishings,Electrix Fluorescent Magnifier Lamps & Weighted Base,315.776,8,0.2,31.5776,252,244.006,-31.3722,985.3492000000001,-105.64913333333334,8,1
7271,CA-2016-123337,2016-09-16,2016-09-22,Standard Class,KD-16495,Keith Dawkins,Corporate,United States,San Jose,California,95123,West,FUR-BO-10001918,Furniture,Bookcases,"Sauder Forest Hills Library with Doors, Woodland Oak Finish",273.666,2,0.15,-12.8784,313,14.52,5.6628,98.11533333333334,-1.7481333333333329,10,1
7285,CA-2017-169439,2017-09-09,2017-09-13,Standard Class,LC-17140,Logan Currie,Consumer,United States,Cleveland,Ohio,44105,East,FUR-FU-10000723,Furniture,Furnishings,"Deflect-o EconoMat Studded, No Bevel Mat for Low Pile Carpeting",66.112,2,0.2,-9.0904,1096,17.472,5.0232,123.32133333333333,26.32766666666667,36,1
7288,CA-2016-149965,2016-06-20,2016-06-25,Standard Class,BS-11365,Bill Shonely,Corporate,United States,Oklahoma City,Oklahoma,73120,Central,FUR-FU-10004270,Furniture,Furnishings,"Executive Impressions 13"" Clairmont Wall Clock",57.69,3,0.0,23.6529,778,9.96,3.2868,318.251,68.1201,25,1
7295,CA-2015-148964,2015-05-26,2015-05-31,Standard Class,RD-19900,Ruben Dartt,Consumer,United States,Bellevue,Washington,98006,West,FUR-FU-10003849,Furniture,Furnishings,"DAX Metal Frame, Desktop, Stepped-Edge",20.24,1,0.0,7.8936,197,127.95,21.7515,67.13000000000001,14.847033333333336,6,1
7299,CA-2014-163468,2014-11-18,2014-11-21,First Class,JK-15730,Joe Kamberova,Consumer,United States,Des Plaines,Illinois,60016,Central,FUR-TA-10002533,Furniture,Tables,BPI Conference Tables,292.1,4,0.5,-175.26,0,239.666,14.098,480.49533333333335,-71.04866666666666,0,1
7300,CA-2014-163468,2014-11-18,2014-11-21,First Class,JK-15730,Joe Kamberova,Consumer,United States,Des Plaines,Illinois,60016,Central,FUR-FU-10001546,Furniture,Furnishings,Dana Swing-Arm Lamps,8.544,2,0.6,-7.476,0,292.1,-175.26,180.10333333333335,-56.21266666666666,0,1
7301,CA-2014-163468,2014-11-18,2014-11-21,First Class,JK-15730,Joe Kamberova,Consumer,United States,Des Plaines,Illinois,60016,Central,FUR-BO-10003546,Furniture,Bookcases,Hon 4-Shelf Metal Bookcases,424.116,6,0.3,-30.294,0,8.544,-7.476,241.58666666666667,-71.01,0,1
7308,CA-2016-144092,2016-11-05,2016-11-07,Second Class,LH-17155,Logan Haushalter,Consumer,United States,San Jose,California,95123,West,FUR-CH-10004875,Furniture,Chairs,Harbour Creations 67200 Series Stacking Chairs,113.888,2,0.2,9.9652,694,9.24,4.4352,45.22266666666667,6.3049333333333335,23,1
7324,US-2017-126053,2017-12-05,2017-12-08,First Class,CS-11950,Carlos Soltero,Consumer,United States,New York City,New York,10024,East,FUR-FU-10001934,Furniture,Furnishings,Magnifier Swing Arm Lamp,41.96,2,0.0,10.9096,1276,60.312,5.2773,229.2746666666667,29.793633333333332,42,0
7328,US-2014-131275,2014-03-18,2014-03-24,Standard Class,SC-20050,Sample Company A,Home Office,United States,Burbank,California,91505,West,FUR-FU-10004597,Furniture,Furnishings,Eldon Cleatmat Chair Mats for Medium Pile Carpets,111.0,2,0.0,14.43,0,27.58,11.5836,53.593333333333334,11.7052,0,0
7334,CA-2015-125563,2015-04-11,2015-04-17,Standard Class,PR-18880,Patrick Ryan,Consumer,United States,Tampa,Florida,33614,South,FUR-FU-10001290,Furniture,Furnishings,Executive Impressions Supervisor Wall Clock,67.36,2,0.2,10.104,218,31.984,1.999,222.69066666666663,13.513133333333334,7,1
7335,CA-2015-125563,2015-04-11,2015-04-17,Standard Class,PR-18880,Patrick Ryan,Consumer,United States,Tampa,Florida,33614,South,FUR-FU-10000087,Furniture,Furnishings,"Executive Impressions 14"" Two-Color Numerals Wall Clock",54.528,3,0.2,14.3136,218,67.36,10.104,51.29066666666666,8.805533333333333,7,1
7337,CA-2015-113152,2015-12-25,2015-12-30,Standard Class,JK-15625,Jim Karlsson,Consumer,United States,New York City,New York,10024,East,FUR-BO-10002613,Furniture,Bookcases,"Atlantic Metals Mobile 4-Shelf Bookcases, Custom Colors",449.568,2,0.2,56.196,382,603.92,45.294,417.82266666666663,46.4954,12,0
7339,CA-2014-163412,2014-12-20,2014-12-23,Second Class,SM-20950,Suzanne McNair,Corporate,United States,New York City,New York,10035,East,FUR-CH-10004875,Furniture,Chairs,Harbour Creations 67200 Series Stacking Chairs,192.186,3,0.1,36.3018,82,67.176,-20.1528,222.87800000000001,-21.901799999999998,3,0
7341,CA-2014-116190,2014-07-26,2014-08-01,Standard Class,SG-20470,Sheri Gordon,Consumer,United States,Atlanta,Georgia,30318,South,FUR-CH-10000553,Furniture,Chairs,"Metal Folding Chairs, Beige, 4/Carton",67.88,2,0.0,18.3276,0,163.136,20.392,425.2153333333334,-85.75296666666667,0,1
7343,CA-2014-116190,2014-07-26,2014-08-01,Standard Class,SG-20470,Sheri Gordon,Consumer,United States,Atlanta,Georgia,30318,South,FUR-FU-10000719,Furniture,Furnishings,"DAX Cubicle Frames, 8-1/2 x 11",25.71,3,0.0,9.2556,0,67.88,18.3276,85.57533333333333,15.991733333333334,0,1
7345,CA-2017-168389,2017-12-11,2017-12-17,Standard Class,DV-13045,Darrin Van Huff,Corporate,United States,Jacksonville,Florida,32216,South,FUR-TA-10004289,Furniture,Tables,BoxOffice By Design Rectangular and Half-Moon Meeting Room Tables,721.875,6,0.45,-420.0,164,19.52,5.368,309.9823333333333,-139.10853333333333,6,0
7348,CA-2017-168389,2017-12-11,2017-12-17,Standard Class,DV-13045,Darrin Van Huff,Corporate,United States,Jacksonville,Florida,32216,South,FUR-CH-10000225,Furniture,Chairs,"Global Geo Office Task Chair, Gray",64.784,1,0.2,-12.147,164,721.875,-420.0,268.72633333333334,-142.25966666666667,6,0
7362,CA-2016-163594,2016-04-12,2016-04-14,First Class,JF-15295,Jason Fortune-,Consumer,United States,Los Angeles,California,90036,West,FUR-CH-10000225,Furniture,Chairs,"Global Geo Office Task Chair, Gray",194.352,3,0.2,-36.441,0,220.96,24.858,152.64533333333335,-2.4401999999999995,0,1
7368,CA-2016-127243,2016-11-28,2016-12-04,Standard Class,DS-13180,David Smith,Corporate,United States,Philadelphia,Pennsylvania,19140,East,FUR-CH-10002647,Furniture,Chairs,"Situations Contoured Folding Chairs, 4/Set",347.802,7,0.3,-24.843,477,586.398,34.494,379.84426666666667,-8.8614,15,1
7390,CA-2017-108035,2017-11-29,2017-12-03,Standard Class,TT-21070,Ted Trevino,Consumer,United States,Chattanooga,Tennessee,37421,South,FUR-CH-10000454,Furniture,Chairs,"Hon Deluxe Fabric Upholstered Stacking Chairs, Rounded Back",390.368,2,0.2,48.796,1291,2404.704,150.294,981.4346666666667,67.60693333333333,42,0
7391,CA-2017-108035,2017-11-29,2017-12-03,Standard Class,TT-21070,Ted Trevino,Consumer,United States,Chattanooga,Tennessee,37421,South,FUR-FU-10004017,Furniture,Furnishings,"Executive Impressions 13"" Chairman Wall Clock",101.52,5,0.2,19.035,1291,390.368,48.796,965.5306666666667,72.70833333333333,42,0
7396,CA-2016-110975,2016-12-25,2016-12-30,Standard Class,DB-12970,Darren Budd,Corporate,United States,New York City,New York,10024,East,FUR-TA-10002958,Furniture,Tables,"Bevis Oval Conference Table, Walnut",313.176,2,0.4,-120.0508,774,253.764,31.0156,211.6444,-34.0113,25,1
7397,CA-2016-110975,2016-12-25,2016-12-30,Standard Class,DB-12970,Darren Budd,Corporate,United States,New York City,New York,10024,East,FUR-CH-10003746,Furniture,Chairs,Hon 4070 Series Pagoda Round Back Stacking Chairs,866.646,3,0.1,173.3292,774,313.176,-120.0508,477.8619999999999,28.09799999999999,25,1
7404,CA-2015-100146,2015-05-14,2015-05-19,Standard Class,CB-12535,Claudia Bergmann,Corporate,United States,Camarillo,California,93010,West,FUR-BO-10004015,Furniture,Bookcases,"Bush Andora Bookcase, Maple/Graphite Gray Finish",509.9575,5,0.15,41.9965,6,14.82,6.2244,177.70983333333334,16.49123333333333,0,1
7405,CA-2015-100146,2015-05-14,2015-05-19,Standard Class,CB-12535,Claudia Bergmann,Corporate,United States,Camarillo,California,93010,West,FUR-FU-10001979,Furniture,Furnishings,Dana Halogen Swing-Arm Architect Lamp,122.91,3,0.0,34.4148,6,509.9575,41.9965,215.89583333333334,27.54523333333333,0,1
7406,CA-2015-100146,2015-05-14,2015-05-19,Standard Class,CB-12535,Claudia Bergmann,Corporate,United States,Camarillo,California,93010,West,FUR-CH-10003833,Furniture,Chairs,Novimex Fabric Task Chair,97.568,2,0.2,-6.098,6,122.91,34.4148,243.47849999999997,23.43776666666666,0,1
7407,CA-2015-100146,2015-05-14,2015-05-19,Standard Class,CB-12535,Claudia Bergmann,Corporate,United States,Camarillo,California,93010,West,FUR-CH-10004495,Furniture,Chairs,"Global Leather and Oak Executive Chair, Black",722.352,3,0.2,81.2646,6,97.568,-6.098,314.27666666666664,36.52713333333333,0,1
7409,CA-2016-129728,2016-05-30,2016-06-06,Standard Class,JG-15310,Jason Gross,Corporate,United States,Los Angeles,California,90032,West,FUR-FU-10003247,Furniture,Furnishings,36X48 HARDFLOOR CHAIRMAT,167.84,8,0.0,11.7488,88,340.704,-34.0704,357.32466666666664,-26.22153333333333,2,0
7410,CA-2014-121769,2014-04-08,2014-04-12,Standard Class,JS-15880,John Stevenson,Consumer,United States,Toledo,Ohio,43615,East,FUR-TA-10004442,Furniture,Tables,Riverside Furniture Stanwyck Manor Table Series,172.11,1,0.4,-94.6605,0,241.332,-14.196,677.2706666666667,82.39496666666668,0,1
7414,CA-2017-121125,2017-05-30,2017-06-03,Standard Class,MG-17890,Michael Granlund,Home Office,United States,Tigard,Oregon,97224,West,FUR-FU-10000820,Furniture,Furnishings,Tensor Brushed Steel Torchiere Floor Lamp,13.592,1,0.2,-0.3398,883,8.736,-4.8048,57.76933333333333,12.879866666666667,29,1
7415,US-2016-114013,2016-03-13,2016-03-15,Second Class,SC-20770,Stewart Carmichael,Corporate,United States,Philadelphia,Pennsylvania,19134,East,FUR-CH-10004287,Furniture,Chairs,SAFCO Arco Folding Chair,386.68,2,0.3,-5.524,267,718.116,-71.8116,454.1453333333333,7.714666666666669,9,0
7425,CA-2017-135069,2017-04-10,2017-04-14,Standard Class,BS-11755,Bruce Stewart,Consumer,United States,Philadelphia,Pennsylvania,19143,East,FUR-FU-10003878,Furniture,Furnishings,"Linden 10"" Round Wall Clock, Black",36.672,3,0.2,6.4176,981,68.46,20.538,75.266,15.1368,32,0
7426,CA-2016-101693,2016-06-25,2016-06-27,Second Class,LC-17140,Logan Currie,Consumer,United States,Houston,Texas,77070,Central,FUR-CH-10001146,Furniture,Chairs,"Global Value Mid-Back Manager's Chair, Gray",85.246,2,0.3,-6.089,655,66.112,-9.0904,56.276666666666664,-3.3854,21,1
7427,CA-2016-101693,2016-06-25,2016-06-27,Second Class,LC-17140,Logan Currie,Consumer,United States,Houston,Texas,77070,Central,FUR-FU-10003919,Furniture,Furnishings,Eldon Executive Woodline II Cherry Finish Desk Accessories,32.712,2,0.6,-26.1696,655,85.246,-6.089,61.35666666666666,-13.783000000000001,21,1
7439,CA-2015-145457,2015-03-24,2015-03-27,Second Class,CP-12085,Cathy Prescott,Corporate,United States,Covington,Washington,98042,West,FUR-FU-10003832,Furniture,Furnishings,"Eldon Expressions Punched Metal & Wood Desk Accessories, Black & Cherry",46.9,5,0.0,13.132,0,212.94,53.235,165.99733333333333,51.89133333333333,0,0
7441,US-2017-163657,2017-09-02,2017-09-06,Standard Class,JL-15235,Janet Lee,Consumer,United States,Los Angeles,California,90049,West,FUR-TA-10004607,Furniture,Tables,Hon 2111 Invitation Series Straight Table,236.528,2,0.2,-2.9566,1196,681.408,42.588,315.752,5.147466666666667,40,1
7449,CA-2017-115448,2017-11-11,2017-11-14,First Class,MH-18025,Michelle Huthwaite,Consumer,United States,Knoxville,Tennessee,37918,South,FUR-FU-10004090,Furniture,Furnishings,"Executive Impressions 14"" Contract Wall Clock",88.92,5,0.2,14.4495,1222,63.882,10.647,238.12333333333333,17.724966666666667,40,0
7451,CA-2017-105669,2017-09-17,2017-09-22,Second Class,SJ-20125,Sanjit Jacobs,Home Office,United States,Houston,Texas,77036,Central,FUR-CH-10003774,Furniture,Chairs,"Global Wood Trimmed Manager's Task Chair, Khaki",318.43,5,0.3,-77.333,365,419.136,-57.6312,283.81800000000004,-41.666333333333334,12,1
7460,CA-2015-137974,2015-04-16,2015-04-18,First Class,LL-16840,Lauren Leatherbury,Consumer,United States,Waynesboro,Virginia,22980,South,FUR-BO-10001519,Furniture,Bookcases,O'Sullivan 3-Shelf Heavy-Duty Bookcases,523.26,9,0.0,125.5824,352,1196.86,119.686,579.1933333333333,83.73493333333334,12,1
7475,CA-2014-167199,2014-01-06,2014-01-10,Standard Class,ME-17320,Maria Etezadi,Home Office,United States,Henderson,Kentucky,42420,South,FUR-CH-10004063,Furniture,Chairs,Global Deluxe High-Back Manager's Chair,2573.82,9,0.0,746.4078,0,844.116,-36.1764,1145.8986666666667,239.51019999999997,0,0
7484,CA-2014-129938,2014-12-15,2014-12-17,Second Class,EB-13705,Ed Braxton,Corporate,United States,Philadelphia,Pennsylvania,19140,East,FUR-CH-10003774,Furniture,Chairs,"Global Wood Trimmed Manager's Task Chair, Khaki",445.802,7,0.3,-108.2662,160,22.38,-7.833,323.5566666666667,-68.01153333333333,5,0
7491,CA-2015-108672,2015-09-10,2015-09-16,Standard Class,FA-14230,Frank Atkinson,Corporate,United States,Los Angeles,California,90032,West,FUR-FU-10003799,Furniture,Furnishings,"Seth Thomas 13 1/2"" Wall Clock",106.68,6,0.0,33.0708,213,289.568,10.8588,137.24533333333332,15.869333333333332,7,1
7512,US-2017-161935,2017-07-14,2017-07-18,Standard Class,JL-15835,John Lee,Consumer,United States,Columbus,Ohio,43229,East,FUR-FU-10002937,Furniture,Furnishings,"GE 48"" Fluorescent Tube, Cool White Energy Saver, 34 Watts, 30/Box",396.92,5,0.2,148.845,1103,86.26,29.3284,231.76999999999998,64.34083333333334,36,1
7526,CA-2014-125731,2014-09-10,2014-09-16,Standard Class,CL-12565,Clay Ludtke,Consumer,United States,Gresham,Oregon,97030,West,FUR-CH-10003973,Furniture,Chairs,GuestStacker Chair with Chrome Finish Legs,1487.04,5,0.2,148.704,60,1805.88,523.7052,1138.6853333333333,228.754,2,1
7532,CA-2016-107146,2016-06-17,2016-06-19,First Class,LC-16885,Lena Creighton,Consumer,United States,Longmont,Colorado,80501,West,FUR-FU-10002298,Furniture,Furnishings,"Rubbermaid ClusterMat Chairmats, Mat Size- 66"" x 60"", Lip 20"" x 11"" -90 Degree Angle",266.352,3,0.2,-13.3176,210,974.988,-97.4988,604.5,-25.0188,7,0
7533,CA-2016-107146,2016-06-17,2016-06-19,First Class,LC-16885,Lena Creighton,Consumer,United States,Longmont,Colorado,80501,West,FUR-CH-10004853,Furniture,Chairs,"Global Manager's Adjustable Task Chair, Storm",483.136,4,0.2,54.3528,210,266.352,-13.3176,574.8253333333333,-18.821199999999994,7,0
7535,US-2017-134642,2017-02-25,2017-03-01,Standard Class,SW-20245,Scot Wooten,Consumer,United States,Greenville,North Carolina,27834,South,FUR-BO-10004709,Furniture,Bookcases,"Bush Westfield Collection Bookcases, Medium Cherry Finish",231.92,5,0.2,5.798,481,196.784,-22.1382,179.48933333333332,-2.6010000000000004,15,0
7537,CA-2017-103415,2017-12-03,2017-12-08,Standard Class,MV-17485,Mark Van Huff,Consumer,United States,Houston,Texas,77041,Central,FUR-FU-10000820,Furniture,Furnishings,Tensor Brushed Steel Torchiere Floor Lamp,13.592,2,0.6,-14.2716,1413,19.3,5.79,130.954,23.5706,47,0
7545,US-2017-112347,2017-12-02,2017-12-06,Standard Class,BS-11380,Bill Stewart,Corporate,United States,Denver,Colorado,80219,West,FUR-CH-10002335,Furniture,Chairs,Hon GuestStacker Chair,906.68,5,0.2,68.001,0,508.704,0.0,552.5786666666667,-98.50900000000001,0,0
7561,US-2014-137155,2014-11-01,2014-11-05,Standard Class,DL-12925,Daniel Lacy,Consumer,United States,Long Beach,New York,11561,East,FUR-FU-10003142,Furniture,Furnishings,"Master Big Foot Doorstop, Beige",31.68,6,0.0,9.8208,0,123.96,11.1564,120.08,24.7244,0,1
7562,CA-2016-105746,2016-12-30,2017-01-01,First Class,BD-11605,Brian Dahlen,Consumer,United States,Lancaster,Pennsylvania,17602,East,FUR-CH-10000454,Furniture,Chairs,"Hon Deluxe Fabric Upholstered Stacking Chairs, Rounded Back",170.786,1,0.3,0.0,1082,333.999,3.9294,177.98166666666668,4.906199999999999,35,1
7592,CA-2016-158778,2016-09-05,2016-09-09,Standard Class,DB-13210,Dean Braden,Consumer,United States,Philadelphia,Pennsylvania,19134,East,FUR-CH-10001146,Furniture,Chairs,"Global Task Chair, Black",71.246,2,0.3,-19.3382,88,58.248,11.6496,83.94866666666667,2.0253333333333337,3,1
7594,CA-2016-158778,2016-09-05,2016-09-09,Standard Class,DB-13210,Dean Braden,Consumer,United States,Philadelphia,Pennsylvania,19134,East,FUR-CH-10000309,Furniture,Chairs,Global Comet Stacking Arm Chair,887.271,3,0.3,-63.3765,88,71.246,-19.3382,338.9216666666667,-23.688366666666667,3,1
7605,CA-2016-101791,2016-05-27,2016-05-31,Standard Class,BS-11665,Brian Stugart,Consumer,United States,Chicago,Illinois,60623,Central,FUR-FU-10003247,Furniture,Furnishings,36X48 HARDFLOOR CHAIRMAT,25.176,3,0.6,-33.3582,192,36.6,15.372,95.78133333333334,-5.055533333333332,6,1
7606,CA-2016-101791,2016-05-27,2016-05-31,Standard Class,BS-11665,Brian Stugart,Consumer,United States,Chicago,Illinois,60623,Central,FUR-FU-10002191,Furniture,Furnishings,G.E. Halogen Desk Lamp Bulbs,5.584,2,0.6,-1.6752,192,25.176,-33.3582,22.453333333333322,-6.553799999999999,6,1
7615,CA-2015-113740,2015-08-24,2015-08-28,Second Class,SC-20380,Shahid Collister,Consumer,United States,New York City,New York,10035,East,FUR-FU-10000010,Furniture,Furnishings,"DAX Value U-Channel Document Frames, Easel Back",14.91,3,0.0,4.6221,541,1781.682,-653.2834,1141.8039999999999,-91.34423333333335,17,0
7626,CA-2015-136805,2015-05-23,2015-05-27,Second Class,NM-18445,Nathan Mautz,Home Office,United States,Detroit,Michigan,48234,Central,FUR-FU-10003724,Furniture,Furnishings,Westinghouse Clip-On Gooseneck Lamps,75.33,9,0.0,19.5858,469,99.592,2.4898,103.60133333333333,15.4108,15,1
7632,CA-2014-162089,2014-03-30,2014-04-01,First Class,MP-17470,Mark Packer,Home Office,United States,Brownsville,Texas,78521,Central,FUR-CH-10002304,Furniture,Chairs,"Global Stack Chair without Arms, Black",127.302,7,0.3,-9.093,0,479.9,81.583,411.1846666666666,39.82213333333333,0,1
7636,US-2017-158526,2017-12-29,2018-01-01,Second Class,KH-16360,Katherine Hughes,Consumer,United States,Louisville,Kentucky,40214,South,FUR-CH-10004495,Furniture,Chairs,"Global Leather and Oak Executive Chair, Black",300.98,1,0.0,87.2842,1318,1207.84,314.0384,511.43066666666664,136.3214,43,0
7637,US-2017-158526,2017-12-29,2018-01-01,Second Class,KH-16360,Katherine Hughes,Consumer,United States,Louisville,Kentucky,40214,South,FUR-CH-10001270,Furniture,Chairs,Harbour Creations Steel Folding Chair,258.75,3,0.0,77.625,1318,300.98,87.2842,589.1899999999999,159.6492,43,0
7640,CA-2017-104885,2017-03-02,2017-03-08,Standard Class,DB-13555,Dorothy Badders,Corporate,United States,Newark,Delaware,19711,East,FUR-BO-10003660,Furniture,Bookcases,"Bush Cubix Collection Bookcases, Fully Assembled",441.96,2,0.0,101.6508,873,8.92,3.9248,358.1149333333333,-4.53873333333333,29,1
7658,US-2014-120740,2014-04-15,2014-04-15,Same Day,PS-18970,Paul Stevenson,Home Office,United States,Los Angeles,California,90049,West,FUR-FU-10004091,Furniture,Furnishings,"Howard Miller 13"" Diameter Goldtone Round Wall Clock",187.76,4,0.0,76.9816,0,19.98,8.5914,140.285,23.450166666666664,0,0
7661,CA-2014-105417,2014-01-07,2014-01-12,Standard Class,VS-21820,Vivek Sundaresam,Consumer,United States,Huntsville,Texas,77340,Central,FUR-FU-10004864,Furniture,Furnishings,"Howard Miller 14-1/2"" Diameter Chrome Round Wall Clock",76.728,3,0.6,-53.7096,0,602.651,-163.5767,283.55566666666664,-74.56986666666667,0,1
7673,CA-2015-130974,2015-11-27,2015-11-29,Second Class,MA-17560,Matt Abelman,Home Office,United States,Everett,Massachusetts,2149,East,FUR-FU-10002506,Furniture,Furnishings,"Tensor ""Hersey Kiss"" Styled Floor Lamp",38.97,3,0.0,4.6764,476,170.98,32.4862,87.94333333333333,19.930733333333333,15,1
7675,CA-2015-130974,2015-11-27,2015-11-29,Second Class,MA-17560,Matt Abelman,Home Office,United States,Everett,Massachusetts,2149,East,FUR-TA-10004619,Furniture,Tables,Hon Non-Folding Utility Tables,446.068,4,0.3,0.0,476,38.97,4.6764,218.6726666666667,12.387533333333332,15,1
7681,CA-2014-133592,2014-12-31,2015-01-07,Standard Class,KM-16375,Katherine Murray,Home Office,United States,Providence,Rhode Island,2908,East,FUR-BO-10000362,Furniture,Bookcases,Sauder Inglewood Library Bookcases,341.96,2,0.0,78.6508,164,386.91,-185.7168,265.858,-30.249599999999997,5,1
7682,CA-2014-133592,2014-12-31,2015-01-07,Standard Class,KM-16375,Katherine Murray,Home Office,United States,Providence,Rhode Island,2908,East,FUR-CH-10004218,Furniture,Chairs,"Global Fabric Manager's Chair, Dark Gray",605.88,6,0.0,151.47,164,341.96,78.6508,444.9166666666667,14.801333333333337,5,1
7687,CA-2016-169838,2016-11-25,2016-11-29,Standard Class,BB-11545,Brenda Bowman,Corporate,United States,Jackson,Michigan,49201,Central,FUR-TA-10001095,Furniture,Tables,Chromcraft Round Conference Tables,1568.61,9,0.0,329.4081,14,1159.056,43.4646,980.2019999999999,132.8085,0,0
7691,US-2017-128951,2017-07-15,2017-07-17,First Class,RS-19420,Ricardo Sperren,Corporate,United States,Suffolk,Virginia,23434,South,FUR-TA-10004575,Furniture,Tables,Hon 5100 Series Wood Tables,872.94,3,0.0,157.1292,1075,1133.35,294.671,966.4233333333333,177.38946666666666,35,1
7695,CA-2016-118899,2016-03-22,2016-03-22,Same Day,MC-17275,Marc Crier,Consumer,United States,Seattle,Washington,98103,West,FUR-CH-10004754,Furniture,Chairs,"Global Stack Chair with Arms, Black",167.888,7,0.2,14.6902,561,975.92,121.99,390.4073333333333,40.838766666666665,18,1
7702,CA-2017-151799,2017-12-14,2017-12-18,Standard Class,BF-11170,Ben Ferrer,Home Office,United States,Lawrence,Massachusetts,1841,East,FUR-TA-10003473,Furniture,Tables,Bretford Rectangular Conference Table Tops,526.582,2,0.3,-52.6582,1086,9.98,2.7944,186.85066666666668,-14.782033333333333,36,0
7712,CA-2017-139353,2017-10-28,2017-10-30,Second Class,JM-15250,Janet Martin,Consumer,United States,Fayetteville,North Carolina,28314,South,FUR-FU-10001876,Furniture,Furnishings,"Computer Room Manger, 14""",77.952,3,0.2,15.5904,578,908.82,227.205,468.356,82.6747,19,0
7731,CA-2017-104850,2017-06-13,2017-06-19,Standard Class,TW-21025,Tamara Willingham,Home Office,United States,Seattle,Washington,98103,West,FUR-CH-10003774,Furniture,Chairs,"Global Wood Trimmed Manager's Task Chair, Khaki",291.136,4,0.2,-25.4744,647,1913.4,401.814,1402.8186666666668,167.19486666666668,21,1
7749,CA-2015-133242,2015-06-18,2015-06-24,Standard Class,KH-16510,Keith Herrera,Consumer,United States,Arlington,Virginia,22204,South,FUR-FU-10003464,Furniture,Furnishings,"Seth Thomas 8 1/2"" Cubicle Clock",60.84,3,0.0,19.4688,0,113.568,-18.4548,503.74566666666664,10.822933333333333,0,0
7759,CA-2017-112844,2017-11-13,2017-11-16,Second Class,SP-20620,Stefania Perrino,Corporate,United States,Buffalo,New York,14215,East,FUR-FU-10004845,Furniture,Furnishings,"Deflect-o EconoMat Nonstudded, No Bevel Mat",154.95,3,0.0,30.99,791,1421.664,-195.4788,582.2500000000001,-57.6652,26,0
7766,US-2017-118941,2017-08-12,2017-08-12,Same Day,BB-11545,Brenda Bowman,Corporate,United States,Columbia,Maryland,21044,East,FUR-CH-10002331,Furniture,Chairs,Hon 4700 Series Mobuis Mid-Back Task Chairs with Adjustable Arms,1779.9,5,0.0,373.779,274,1568.61,329.4081,1502.522,248.8839,9,0
7802,CA-2014-143637,2014-03-24,2014-03-29,Second Class,MS-17710,Maurice Satty,Consumer,United States,Fresno,California,93727,West,FUR-FU-10002813,Furniture,Furnishings,"DAX Contemporary Wood Frame with Silver Metal Mat, Desktop, 11 x 14 Size",40.48,2,0.0,14.5728,0,5.47,2.3521,144.79333333333332,-23.953033333333337,0,1
7814,CA-2016-134334,2016-02-14,2016-02-15,First Class,DK-13090,Dave Kipp,Consumer,United States,Clinton,Maryland,20735,East,FUR-FU-10003274,Furniture,Furnishings,Regeneration Desk Collection,10.56,6,0.0,4.6464,349,550.431,-47.1798,449.507,40.9493,11,1
7815,US-2017-109316,2017-06-08,2017-06-10,First Class,MG-17680,Maureen Gastineau,Home Office,United States,Los Angeles,California,90049,West,FUR-BO-10004834,Furniture,Bookcases,"Riverside Palais Royal Lawyers Bookcase, Royale Cherry Finish",1497.666,2,0.15,140.9568,960,21.248,7.4368,621.0446666666667,-13.64246666666667,32,1
7829,CA-2015-137302,2015-04-26,2015-05-01,Standard Class,BW-11110,Bart Watters,Corporate,United States,San Diego,California,92105,West,FUR-CH-10002017,Furniture,Chairs,SAFCO Optional Arm Kit for Workspace Cribbage Stacking Chair,63.936,3,0.2,6.3936,0,82.26,33.7266,238.588,15.746599999999999,0,1
7835,CA-2015-106257,2015-04-13,2015-04-17,Second Class,EB-14110,Eugene Barchas,Consumer,United States,Los Angeles,California,90045,West,FUR-TA-10002530,Furniture,Tables,"Iceberg OfficeWorks 42"" Round Tables",241.568,2,0.2,-15.098,0,48.576,9.7152,223.40066666666667,-9.033466666666667,0,1
7837,CA-2015-149083,2015-09-25,2015-09-30,Standard Class,SH-19975,Sally Hughsby,Corporate,United States,Seattle,Washington,98103,West,FUR-CH-10004289,Furniture,Chairs,Global Super Steno Chair,307.136,4,0.2,-11.5176,289,338.352,4.2294,356.8151666666667,4.2366,9,0
7873,CA-2016-101672,2016-10-03,2016-10-07,Standard Class,DB-12910,Daniel Byrd,Home Office,United States,Lake Forest,California,92630,West,FUR-CH-10004063,Furniture,Chairs,Global Deluxe High-Back Manager's Chair,915.136,4,0.2,102.9528,185,148.257,15.6978,356.811,40.58273333333333,6,0
7879,CA-2016-160241,2016-11-29,2016-12-04,Second Class,DR-12940,Daniel Raglin,Home Office,United States,Aurora,Illinois,60505,Central,FUR-FU-10003806,Furniture,Furnishings,"Tenex Chairmat w/ Average Lip, 45"" x 53""",242.176,4,0.6,-302.72,610,366.744,-110.0232,244.42666666666665,-128.46133333333333,20,1
7887,CA-2017-118017,2017-12-03,2017-12-06,Second Class,LC-16870,Lena Cacioppo,Consumer,United States,Thornton,Colorado,80229,West,FUR-FU-10004270,Furniture,Furnishings,"Eldon Image Series Desk Accessories, Burgundy",16.72,5,0.2,3.344,751,23.376,7.0128,47.48533333333333,2.1727666666666665,25,0
7888,CA-2017-118017,2017-12-03,2017-12-06,Second Class,LC-16870,Lena Cacioppo,Consumer,United States,Thornton,Colorado,80229,West,FUR-FU-10004053,Furniture,Furnishings,DAX Two-Tone Silver Metal Document Frame,16.192,1,0.2,4.6552,751,16.72,3.344,18.762666666666664,5.0040000000000004,25,0
7912,CA-2016-149762,2016-12-03,2016-12-07,Standard Class,RD-19720,Roger Demir,Consumer,United States,Morgan Hill,California,95037,West,FUR-BO-10001337,Furniture,Bookcases,O'Sullivan Living Dimensions 2-Shelf Bookcases,205.666,2,0.15,-12.098,762,268.704,6.7176,187.90333333333334,6.247133333333333,25,1
7929,CA-2017-120404,2017-11-20,2017-11-24,Second Class,KH-16330,Katharine Harms,Corporate,United States,New York City,New York,10035,East,FUR-FU-10000820,Furniture,Furnishings,Tensor Brushed Steel Torchiere Floor Lamp,50.97,3,0.0,9.1746,511,38.784,7.272,283.28999999999996,-8.996199999999998,17,0
7932,US-2016-168095,2016-07-15,2016-07-20,Standard Class,MC-17425,Mark Cousins,Corporate,United States,Portland,Oregon,97206,West,FUR-CH-10004886,Furniture,Chairs,Bevis Steel Folding Chairs,230.28,3,0.2,23.028,230,68.16,27.9456,102.66399999999999,15.7176,8,1
7941,CA-2016-146325,2016-12-14,2016-12-17,First Class,DS-13180,David Smith,Corporate,United States,San Diego,California,92037,West,FUR-CH-10001146,Furniture,Chairs,"Global Task Chair, Black",81.424,2,0.2,-9.1602,493,347.802,-24.843,338.54133333333334,0.16360000000000005,16,1
7949,CA-2014-131009,2014-03-01,2014-03-05,Standard Class,SC-20380,Shahid Collister,Consumer,United States,El Paso,Texas,79907,Central,FUR-CH-10001270,Furniture,Chairs,Harbour Creations Steel Folding Chair,362.25,6,0.3,0.0,0,14.91,4.6221,719.614,-216.22043333333332,0,0
7950,CA-2014-131009,2014-03-01,2014-03-05,Standard Class,SC-20380,Shahid Collister,Consumer,United States,El Paso,Texas,79907,Central,FUR-FU-10001095,Furniture,Furnishings,DAX Black Cherry Wood-Tone Poster Frame,63.552,6,0.6,-34.9536,0,362.25,0.0,146.90400000000002,-10.110499999999982,0,0
7959,CA-2017-131807,2017-10-05,2017-10-10,Standard Class,GG-14650,Greg Guthrie,Corporate,United States,Chico,California,95928,West,FUR-FU-10004666,Furniture,Furnishings,DAX Clear Channel Poster Frame,72.9,5,0.0,26.973,1070,435.168,-59.8356,218.14,-14.0032,36,0
7960,CA-2017-131807,2017-10-05,2017-10-10,Standard Class,GG-14650,Greg Guthrie,Corporate,United States,Chico,California,95928,West,FUR-TA-10004086,Furniture,Tables,KI Adjustable-Height Table,206.352,3,0.2,5.1588,1070,72.9,26.973,238.14000000000001,-9.2346,36,0
7968,CA-2016-157707,2016-10-10,2016-10-12,First Class,CC-12610,Corey Catlett,Corporate,United States,Denver,Colorado,80219,West,FUR-BO-10001567,Furniture,Bookcases,"Bush Westfield Collection Bookcases, Dark Cherry Finish, Fully Assembled",90.882,3,0.7,-190.8522,775,1202.94,300.735,440.98066666666665,40.80146666666666,26,1
7970,CA-2016-157707,2016-10-10,2016-10-12,First Class,CC-12610,Corey Catlett,Corporate,United States,Denver,Colorado,80219,West,FUR-CH-10004853,Furniture,Chairs,"Global Manager's Adjustable Task Chair, Storm",120.784,1,0.2,13.5882,775,90.882,-190.8522,471.5353333333333,41.15699999999999,26,1
7975,US-2015-126753,2015-08-16,2015-08-20,Standard Class,SP-20860,Sung Pak,Corporate,United States,Philadelphia,Pennsylvania,19134,East,FUR-FU-10001488,Furniture,Furnishings,"Tenex 46"" x 60"" Computer Anti-Static Chairmat, Rectangular Shaped",254.352,3,0.2,0.0,244,8.544,-7.476,89.68533333333335,-1.5064,8,1
7995,US-2015-165743,2015-11-20,2015-11-23,Second Class,MM-18055,Michelle Moray,Consumer,United States,Aurora,Colorado,80013,West,FUR-BO-10002268,Furniture,Bookcases,Sauder Barrister Bookcases,145.764,6,0.7,-247.7988,543,359.772,-5.1396,389.894,-54.795199999999994,18,1
7999,US-2014-148194,2014-05-04,2014-05-07,First Class,BS-11365,Bill Shonely,Corporate,United States,Seattle,Washington,98105,West,FUR-FU-10001852,Furniture,Furnishings,"Eldon Regeneration Recycled Desk Accessories, Smoke",12.18,7,0.0,3.8976,0,57.69,23.6529,26.61,10.2791,0,1
8005,CA-2014-143210,2014-12-01,2014-12-03,First Class,AA-10645,Anna Andreadi,Consumer,United States,Lowell,Massachusetts,1852,East,FUR-FU-10003878,Furniture,Furnishings,"Linden 10"" Round Wall Clock, Black",45.84,3,0.0,15.5856,162,42.6,16.614,455.86833333333334,85.9782,6,1
8006,CA-2014-143210,2014-12-01,2014-12-03,First Class,AA-10645,Anna Andreadi,Consumer,United States,Lowell,Massachusetts,1852,East,FUR-FU-10002268,Furniture,Furnishings,Ultra Door Push Plate,9.82,2,0.0,3.2406,162,45.84,15.5856,32.75333333333334,11.8134,6,1
8010,CA-2015-110863,2015-11-17,2015-11-24,Standard Class,AA-10645,Anna Andreadi,Consumer,United States,Oklahoma City,Oklahoma,73120,Central,FUR-CH-10002073,Furniture,Chairs,Hon Olson Stacker Chairs,1323.9,5,0.0,383.931,513,9.82,3.2406,459.8533333333334,134.2524,17,1
8016,CA-2017-120168,2017-05-25,2017-05-25,Same Day,TB-21625,Trudy Brown,Consumer,United States,New York City,New York,10009,East,FUR-FU-10000732,Furniture,Furnishings,Eldon 200 Class Desk Accessories,18.84,3,0.0,6.0288,578,253.176,-31.647,95.59199999999998,-12.352399999999998,19,0
8017,US-2014-131870,2014-09-09,2014-09-11,First Class,NF-18595,Nicole Fjeld,Home Office,United States,Lancaster,Ohio,43130,East,FUR-FU-10002501,Furniture,Furnishings,Nu-Dell Executive Frame,60.672,6,0.2,12.8928,143,327.76,91.7728,434.52266666666657,69.20613333333333,5,1
8024,CA-2014-129189,2014-07-21,2014-07-25,Standard Class,HM-14860,Harry Marie,Corporate,United States,Dallas,Texas,75217,Central,FUR-CH-10004997,Furniture,Chairs,Hon Every-Day Series Multi-Task Chairs,657.93,5,0.3,-93.99,0,74.45,20.1015,256.26,-20.01883333333333,0,0
8026,CA-2015-132465,2015-09-11,2015-09-15,Second Class,DM-13525,Don Miller,Corporate,United States,New York City,New York,10035,East,FUR-FU-10000277,Furniture,Furnishings,Deflect-o DuraMat Antistatic Studded Beveled Mat for Medium Pile Carpeting,210.68,2,0.0,50.5632,433,213.216,15.9912,147.80533333333335,23.974133333333338,14,1
8031,CA-2016-158806,2016-01-07,2016-01-11,Standard Class,NM-18520,Neoma Murray,Consumer,United States,Amarillo,Texas,79109,Central,FUR-FU-10004270,Furniture,Furnishings,"Executive Impressions 13"" Clairmont Wall Clock",23.076,3,0.6,-10.9611,102,111.9,51.474,53.088,9.253899999999996,4,1
8035,CA-2015-119690,2015-06-25,2015-06-28,First Class,MV-17485,Mark Van Huff,Consumer,United States,Houston,Texas,77041,Central,FUR-FU-10004587,Furniture,Furnishings,"GE General Use Halogen Bulbs, 100 Watts, 1 Bulb per Pack",75.384,9,0.6,-20.7306,521,13.592,-14.2716,36.092,-9.7374,17,0
8039,CA-2017-109393,2017-06-30,2017-07-02,Second Class,JC-15775,John Castell,Consumer,United States,Los Angeles,California,90032,West,FUR-BO-10003966,Furniture,Bookcases,"Sauder Facets Collection Library, Sky Alder Finish",435.999,3,0.15,5.1294,1020,138.588,-34.647,198.22766666666666,-8.834399999999999,33,1
8056,CA-2015-121188,2015-08-28,2015-09-04,Standard Class,CB-12025,Cassandra Brandow,Consumer,United States,Los Angeles,California,90049,West,FUR-BO-10004695,Furniture,Bookcases,O'Sullivan 2-Door Barrister Bookcase in Odessa Pine,307.666,2,0.15,28.9568,4,32.36,11.6496,419.60366666666664,-25.841033333333332,0,1
8060,CA-2015-121188,2015-08-28,2015-09-04,Standard Class,CB-12025,Cassandra Brandow,Consumer,United States,Los Angeles,California,90049,West,FUR-FU-10003981,Furniture,Furnishings,Eldon Wave Desk Accessories,4.16,2,0.0,1.7472,4,307.666,28.9568,114.72866666666668,14.117866666666666,0,1
8069,US-2015-160563,2015-10-20,2015-10-24,Standard Class,NS-18640,Noel Staavos,Corporate,United States,San Francisco,California,94109,West,FUR-FU-10001731,Furniture,Furnishings,Acrylic Self-Standing Desk Frames,16.02,6,0.0,6.0876,482,328.59,-147.8655,267.68,-93.10230000000001,16,1
8071,CA-2017-151750,2017-01-01,2017-01-05,Standard Class,JM-15250,Janet Martin,Consumer,United States,Huntsville,Texas,77340,Central,FUR-FU-10002116,Furniture,Furnishings,"Tenex Carpeted, Granite-Look or Clear Contemporary Contour Shape Chair Mats",141.42,5,0.6,-187.3815,278,77.952,15.5904,376.064,18.471300000000003,10,0
8072,CA-2017-151750,2017-01-01,2017-01-05,Standard Class,JM-15250,Janet Martin,Consumer,United States,Huntsville,Texas,77340,Central,FUR-CH-10003199,Furniture,Chairs,Office Star - Contemporary Task Swivel Chair,310.744,4,0.3,-26.6352,278,141.42,-187.3815,176.70533333333333,-66.1421,10,0
8077,CA-2015-106187,2015-06-23,2015-06-29,Standard Class,RF-19345,Randy Ferguson,Corporate,United States,East Point,Georgia,30344,South,FUR-FU-10000794,Furniture,Furnishings,"Eldon Stackable Tray, Side-Load, Legal, Smoke",27.42,3,0.0,9.3228,399,87.96,7.6965,99.34999999999998,23.3312,13,1
8094,CA-2017-133046,2017-07-27,2017-08-01,Second Class,DK-13375,Dennis Kane,Consumer,United States,Seattle,Washington,98115,West,FUR-FU-10001940,Furniture,Furnishings,Staple-based wall hangings,23.88,3,0.0,10.5072,599,24.75,10.89,20.349999999999998,8.6228,19,1
8109,US-2017-167570,2017-12-08,2017-12-15,Standard Class,EG-13900,Emily Grady,Consumer,United States,Philadelphia,Pennsylvania,19140,East,FUR-CH-10003396,Furniture,Chairs,Global Deluxe Steno Chair,215.544,4,0.3,-58.5048,370,542.646,102.4998,386.074,-36.4502,12,0
8114,CA-2016-130393,2016-12-01,2016-12-03,Second Class,JM-15865,John Murray,Consumer,United States,San Angelo,Texas,76903,Central,FUR-CH-10004477,Furniture,Chairs,"Global Push Button Manager's Chair, Indigo",85.246,2,0.3,-1.2178,367,248.43,-17.745,138.212,3.3942666666666668,13,1
8116,CA-2017-101014,2017-08-29,2017-09-04,Standard Class,RW-19540,Rick Wilson,Corporate,United States,Los Angeles,California,90049,West,FUR-FU-10003374,Furniture,Furnishings,Electrix Fluorescent Magnifier Lamps & Weighted Base,148.02,3,0.0,41.4456,938,476.8,119.2,217.15333333333334,56.034933333333335,30,1
8121,CA-2016-116722,2016-11-11,2016-11-16,Standard Class,LP-17080,Liz Pelletier,Consumer,United States,San Francisco,California,94110,West,FUR-CH-10004997,Furniture,Chairs,Hon Every-Day Series Multi-Task Chairs,451.152,3,0.2,0.0,871,41.96,10.9096,178.57066666666665,9.174533333333335,29,0
8129,CA-2017-157350,2017-08-26,2017-09-01,Standard Class,DP-13000,Darren Powers,Consumer,United States,Chicago,Illinois,60610,Central,FUR-FU-10000222,Furniture,Furnishings,"Seth Thomas 16"" Steel Case Clock",64.96,5,0.6,-43.848,1018,89.99,17.0981,53.703333333333326,-7.931033333333333,33,1
8151,CA-2014-167997,2014-01-26,2014-01-29,First Class,CA-11965,Carol Adams,Corporate,United States,Rapid City,South Dakota,57701,Central,FUR-BO-10004409,Furniture,Bookcases,"Safco Value Mate Series Steel Bookcases, Baked Enamel Finish on Steel, Gray",141.96,2,0.0,39.7488,0,892.224,89.2224,426.77226666666667,17.6532,0,1
8164,CA-2015-168207,2015-11-02,2015-11-06,Standard Class,LT-17110,Liz Thompson,Consumer,United States,San Diego,California,92105,West,FUR-FU-10004909,Furniture,Furnishings,Contemporary Wood/Metal Frame,96.96,6,0.0,33.936,519,557.585,0.0,225.58166666666668,14.346000000000002,17,1
8167,CA-2015-168207,2015-11-02,2015-11-06,Standard Class,LT-17110,Liz Thompson,Consumer,United States,San Diego,California,92105,West,FUR-BO-10004357,Furniture,Bookcases,O'Sullivan Living Dimensions 3-Shelf Bookcases,512.499,3,0.15,-30.147,519,96.96,33.936,389.01466666666664,1.2630000000000028,17,1
8168,CA-2016-144148,2016-07-31,2016-08-05,Standard Class,AH-10690,Anna Hberlin,Corporate,United States,San Francisco,California,94122,West,FUR-TA-10002774,Furniture,Tables,Laminate Occasional Tables,863.128,7,0.2,-32.3673,851,14.76,-11.439,1051.1293333333333,114.34289999999999,27,1
8170,CA-2017-107174,2017-11-06,2017-11-13,Standard Class,AB-10060,Adam Bellavance,Home Office,United States,Seattle,Washington,98105,West,FUR-CH-10003312,Furniture,Chairs,Hon 2090 ÒPillow SoftÓ Series Mid Back Swivel/Tilt Chairs,449.568,2,0.2,-73.0548,603,2036.86,366.6348,871.436,111.50053333333334,20,0
8180,CA-2015-112767,2015-08-02,2015-08-06,Standard Class,DK-12985,Darren Koutras,Consumer,United States,Springfield,Oregon,97477,West,FUR-TA-10003469,Furniture,Tables,Balt Split Level Computer Training Table,277.5,4,0.5,-188.7,0,72.704,19.0848,211.37466666666668,-32.87839999999999,0,0
8181,CA-2015-119879,2015-11-21,2015-11-25,Standard Class,SS-20410,Shahid Shariari,Consumer,United States,Philadelphia,Pennsylvania,19120,East,FUR-TA-10002958,Furniture,Tables,"Bevis Oval Conference Table, Walnut",1252.704,8,0.4,-480.2032,540,355.455,-184.8366,539.423,-220.60153333333332,18,1
8183,CA-2017-155642,2017-05-18,2017-05-22,Standard Class,BM-11575,Brendan Murry,Corporate,United States,Chicago,Illinois,60653,Central,FUR-FU-10004973,Furniture,Furnishings,Flat Face Poster Frame,22.608,3,0.6,-10.1736,611,173.94,38.2668,80.97733333333333,9.750933333333334,20,1
8184,CA-2017-155642,2017-05-18,2017-05-22,Standard Class,BM-11575,Brendan Murry,Corporate,United States,Chicago,Illinois,60653,Central,FUR-FU-10001918,Furniture,Furnishings,C-Line Cubicle Keepers Polyproplyene Holder With Velcro Backings,1.892,1,0.6,-0.9933,611,22.608,-10.1736,66.14666666666666,9.033299999999999,20,1
8187,CA-2015-136728,2015-09-13,2015-09-17,Second Class,AG-10900,Arthur Gainer,Consumer,United States,Chicago,Illinois,60623,Central,FUR-CH-10003817,Furniture,Chairs,"Global Value Steno Chair, Gray",170.072,4,0.3,-12.148,8,108.4,-105.69,150.57066666666665,-33.504666666666665,0,1
8192,US-2017-155866,2017-11-17,2017-11-21,Standard Class,CC-12370,Christopher Conant,Consumer,United States,New York City,New York,10011,East,FUR-FU-10004091,Furniture,Furnishings,"Howard Miller 13"" Diameter Goldtone Round Wall Clock",187.76,4,0.0,76.9816,498,287.968,-3.5996,233.67466666666667,31.970533333333332,16,0
8204,CA-2015-114811,2015-11-08,2015-11-08,Same Day,KD-16495,Keith Dawkins,Corporate,United States,New York City,New York,10024,East,FUR-FU-10002240,Furniture,Furnishings,Nu-Dell EZ-Mount Plastic Wall Frames,11.82,3,0.0,4.728,0,273.666,-12.8784,100.002,-0.8291999999999996,0,1
8206,CA-2015-114811,2015-11-08,2015-11-08,Same Day,KD-16495,Keith Dawkins,Corporate,United States,New York City,New York,10024,East,FUR-CH-10003746,Furniture,Chairs,Hon 4070 Series Pagoda Round Back Stacking Chairs,577.764,2,0.1,115.5528,0,11.82,4.728,287.75,35.8008,0,1
8207,CA-2015-122266,2015-04-26,2015-04-30,Standard Class,SA-20830,Sue Ann Reed,Consumer,United States,Daytona Beach,Florida,32114,South,FUR-TA-10000577,Furniture,Tables,Bretford CR4500 Series Slim Rectangular Table,191.5155,1,0.45,-76.6062,0,30.93,12.6813,306.53516666666667,-18.403466666666667,0,1
8212,CA-2016-116337,2016-11-07,2016-11-12,Standard Class,MC-17845,Michael Chen,Consumer,United States,Dallas,Texas,75220,Central,FUR-FU-10002030,Furniture,Furnishings,"Executive Impressions 14"" Contract Wall Clock with Quartz Movement",44.46,5,0.6,-17.784,0,133.38,58.6872,615.8133333333333,52.59173333333333,0,0
8228,CA-2016-123050,2016-04-04,2016-04-08,Second Class,BC-11125,Becky Castell,Home Office,United States,Troy,New York,12180,East,FUR-FU-10000723,Furniture,Furnishings,"Deflect-o EconoMat Studded, No Bevel Mat for Low Pile Carpeting",82.64,2,0.0,7.4376,638,478.48,47.848,300.412,15.189333333333332,21,1
8232,CA-2016-162355,2016-06-30,2016-07-02,Second Class,PF-19165,Philip Fox,Consumer,United States,Sandy Springs,Georgia,30328,South,FUR-BO-10004695,Furniture,Bookcases,O'Sullivan 2-Door Barrister Bookcase in Odessa Pine,1266.86,7,0.0,291.3778,649,155.25,46.575,679.9366666666666,-23.24306666666668,21,1
8236,CA-2017-102204,2017-05-01,2017-05-06,Standard Class,CJ-12010,Caroline Jumper,Consumer,United States,Jacksonville,Florida,32216,South,FUR-TA-10001889,Furniture,Tables,Bush Advantage Collection Racetrack Conference Table,933.262,4,0.45,-458.1468,417,63.68,28.0192,479.902,-123.69746666666667,14,1
8237,CA-2017-102204,2017-05-01,2017-05-06,Standard Class,CJ-12010,Caroline Jumper,Consumer,United States,Jacksonville,Florida,32216,South,FUR-CH-10002024,Furniture,Chairs,HON 5400 Series Task Chairs for Big and Tall,2803.92,5,0.2,0.0,417,933.262,-458.1468,1266.954,-143.37586666666667,14,1
8251,CA-2015-140221,2015-03-05,2015-03-09,Second Class,MS-17365,Maribeth Schnelling,Consumer,United States,Chicago,Illinois,60653,Central,FUR-FU-10000023,Furniture,Furnishings,Eldon Wave Desk Accessories,4.712,2,0.6,-1.8848,0,384.174,29.8802,132.19933333333333,9.9102,0,1
8272,CA-2016-169670,2016-12-25,2016-12-31,Standard Class,JE-15715,Joe Elijah,Consumer,United States,New York City,New York,10009,East,FUR-CH-10002331,Furniture,Chairs,Hon 4700 Series Mobuis Mid-Back Task Chairs with Adjustable Arms,2563.056,8,0.1,313.2624,170,472.518,-149.6307,1594.274666666667,264.21389999999997,5,1
8282,CA-2017-134810,2017-05-09,2017-05-10,First Class,MC-17605,Matt Connell,Corporate,United States,Jacksonville,North Carolina,28540,South,FUR-CH-10001270,Furniture,Chairs,Harbour Creations Steel Folding Chair,207.0,3,0.2,25.875,1147,34.504,-15.5268,87.17333333333333,5.284199999999999,38,1
8286,CA-2015-154284,2015-12-21,2015-12-26,Second Class,SZ-20035,Sam Zeldin,Home Office,United States,Saint Charles,Illinois,60174,Central,FUR-FU-10003039,Furniture,Furnishings,"Howard Miller 11-1/2"" Diameter Grantwood Wall Clock",51.756,3,0.6,-33.6414,470,200.795,-22.948,155.89966666666666,-53.52586666666667,15,1
8305,CA-2017-135419,2017-11-03,2017-11-09,Standard Class,BG-11740,Bruce Geld,Consumer,United States,Bakersfield,California,93309,West,FUR-TA-10001086,Furniture,Tables,"SAFCO PlanMaster Boards, 60w x 37-1/2d, White Melamine",486.368,4,0.2,36.4776,430,47.04,15.9936,197.90666666666667,19.2495,15,0
8314,CA-2014-161508,2014-07-12,2014-07-16,Standard Class,PV-18985,Paul Van Hugh,Home Office,United States,League City,Texas,77573,Central,FUR-CH-10002126,Furniture,Chairs,Hon Deluxe Fabric Upholstered Stacking Chairs,512.358,3,0.3,-14.6388,0,26.72,11.7568,182.60266666666666,0.40703333333333386,0,1
8333,CA-2016-153269,2016-03-09,2016-03-12,First Class,PS-18760,Pamela Stobb,Consumer,United States,Andover,Massachusetts,1810,East,FUR-CH-10002647,Furniture,Chairs,"Situations Contoured Folding Chairs, 4/Set",354.9,5,0.0,88.725,288,218.352,-19.1058,233.72933333333333,24.8056,10,1
8340,CA-2017-135076,2017-04-13,2017-04-17,Standard Class,YS-21880,Yana Sorensen,Corporate,United States,Hesperia,California,92345,West,FUR-CH-10003774,Furniture,Chairs,"Global Wood Trimmed Manager's Task Chair, Khaki",436.704,6,0.2,-38.2116,628,358.58,39.4438,287.07466666666664,7.883933333333336,21,1
8345,US-2014-155544,2014-03-21,2014-03-25,Standard Class,GM-14440,Gary McGarr,Consumer,United States,Knoxville,Tennessee,37918,South,FUR-FU-10001473,Furniture,Furnishings,DAX Wood Document Frame,32.952,3,0.2,6.5904,0,145.764,3.2392,250.292,15.196533333333328,0,0
8346,US-2014-155544,2014-03-21,2014-03-25,Standard Class,GM-14440,Gary McGarr,Consumer,United States,Knoxville,Tennessee,37918,South,FUR-CH-10000422,Furniture,Chairs,Global Highback Leather Tilter in Burgundy,218.376,3,0.2,-10.9188,0,32.952,6.5904,132.364,-0.36306666666667137,0,0
8347,US-2015-115238,2015-04-30,2015-05-04,Standard Class,JW-15220,Jane Waco,Corporate,United States,Lawrence,Massachusetts,1841,East,FUR-FU-10002960,Furniture,Furnishings,"Eldon 200 Class Desk Accessories, Burgundy",31.4,5,0.0,13.188,0,885.528,-99.6219,572.832,-12.111966666666667,0,0
8348,US-2015-115238,2015-04-30,2015-05-04,Standard Class,JW-15220,Jane Waco,Corporate,United States,Lawrence,Massachusetts,1841,East,FUR-FU-10002445,Furniture,Furnishings,"DAX Two-Tone Rosewood/Black Document Frame, Desktop, 5 x 7",9.48,1,0.0,3.792,0,31.4,13.188,308.80266666666665,-27.547299999999996,0,0
8350,US-2015-115238,2015-04-30,2015-05-04,Standard Class,JW-15220,Jane Waco,Corporate,United States,Lawrence,Massachusetts,1841,East,FUR-FU-10001025,Furniture,Furnishings,"Eldon Imge Series Desk Accessories, Clear",24.3,5,0.0,10.449,0,9.48,3.792,21.72666666666667,9.142999999999995,0,0
8354,CA-2017-132199,2017-05-03,2017-05-08,Standard Class,BO-11350,Bill Overfelt,Corporate,United States,Philadelphia,Pennsylvania,19134,East,FUR-TA-10003748,Furniture,Tables,Bevis 36 x 72 Conference Tables,373.47,5,0.4,-112.041,486,32.448,7.3008,149.162,-34.0474,16,1
8357,CA-2016-163174,2016-08-26,2016-08-30,Standard Class,XP-21865,Xylona Preis,Consumer,United States,Athens,Georgia,30605,South,FUR-FU-10000308,Furniture,Furnishings,Deflect-o Glass Clear Studded Chair Mats,186.54,3,0.0,41.0388,949,14.73,4.8609,158.07,25.3077,31,1
8370,CA-2016-118745,2016-06-11,2016-06-16,Standard Class,SV-20365,Seth Vernon,Consumer,United States,Los Angeles,California,90049,West,FUR-TA-10003473,Furniture,Tables,Bretford Rectangular Conference Table Tops,902.712,3,0.2,33.8517,882,198.744,-14.196,1118.6219999999998,131.79690000000002,29,1
8371,CA-2016-163972,2016-10-17,2016-10-21,Standard Class,MG-17890,Michael Granlund,Home Office,United States,Fresno,California,93727,West,FUR-BO-10003894,Furniture,Bookcases,"Safco Value Mate Steel Bookcase, Baked Enamel Finish on Steel, Black",120.666,2,0.15,21.294,658,13.592,-0.3398,47.66466666666667,5.383133333333333,22,1
8392,CA-2017-110625,2017-12-23,2017-12-30,Standard Class,JB-16045,Julia Barnett,Home Office,United States,Danbury,Connecticut,6810,East,FUR-FU-10001473,Furniture,Furnishings,DAX Wood Document Frame,27.46,2,0.0,9.8856,965,665.88,106.5408,239.43333333333337,40.888799999999996,31,0
8399,CA-2017-120061,2017-11-02,2017-11-07,Second Class,SR-20425,Sharelle Roach,Home Office,United States,Springfield,Ohio,45503,East,FUR-CH-10001973,Furniture,Chairs,Office Star Flex Back Scooter Chair with White Frame,155.372,2,0.3,-35.5136,1237,141.96,35.49,170.0906666666667,19.156733333333335,41,0
8411,CA-2016-130820,2016-11-15,2016-11-15,Same Day,ON-18715,Odella Nelson,Corporate,United States,Burlington,North Carolina,27217,South,FUR-TA-10001768,Furniture,Tables,Hon Racetrack Conference Tables,630.024,4,0.4,-199.5076,714,239.84,64.7568,310.1946666666667,-37.02333333333333,23,1
8413,CA-2017-132290,2017-03-10,2017-03-14,Standard Class,MD-17350,Maribeth Dona,Consumer,United States,Dallas,Texas,75217,Central,FUR-TA-10002228,Furniture,Tables,"Bevis Traditional Conference Table Top, Plinth Base",933.408,4,0.3,-173.3472,856,85.246,-1.2178,355.54866666666663,-58.873933333333326,28,1
8419,CA-2017-118199,2017-05-09,2017-05-11,First Class,LB-16795,Laurel Beltran,Home Office,United States,Seattle,Washington,98105,West,FUR-TA-10004154,Furniture,Tables,"Riverside Furniture Oval Coffee Table, Oval End Table, End Table with Drawer",286.85,1,0.0,63.107,1112,22.336,7.8176,196.85266666666666,19.621933333333335,37,1
8430,CA-2016-118129,2016-12-19,2016-12-21,Second Class,CL-12565,Clay Ludtke,Consumer,United States,Reading,Pennsylvania,19601,East,FUR-FU-10004904,Furniture,Furnishings,"Eldon ""L"" Workstation Diamond Chairmat",303.92,5,0.2,-30.392,891,1487.04,148.704,1198.9466666666667,214.00573333333332,29,1
8435,US-2014-127635,2014-09-14,2014-09-18,Second Class,SC-20260,Scott Cohen,Corporate,United States,Corpus Christi,Texas,78415,Central,FUR-FU-10000550,Furniture,Furnishings,Stacking Trays by OIC,9.96,5,0.6,-6.723,161,653.55,111.1035,738.7803333333333,101.77836666666667,5,1
8446,CA-2017-125451,2017-10-23,2017-10-24,First Class,AH-10075,Adam Hart,Corporate,United States,Cranston,Rhode Island,2920,East,FUR-TA-10001039,Furniture,Tables,KI Adjustable-Height Table,240.744,4,0.3,-13.7568,191,314.352,-35.3646,250.5153333333333,7.200199999999998,6,0
8447,CA-2017-125451,2017-10-23,2017-10-24,First Class,AH-10075,Adam Hart,Corporate,United States,Cranston,Rhode Island,2920,East,FUR-FU-10004963,Furniture,Furnishings,"Eldon 400 Class Desk Accessories, Black Carbon",35.0,4,0.0,14.7,191,240.744,-13.7568,196.69866666666667,-11.473800000000002,6,0
8448,CA-2017-125451,2017-10-23,2017-10-24,First Class,AH-10075,Adam Hart,Corporate,United States,Cranston,Rhode Island,2920,East,FUR-FU-10000277,Furniture,Furnishings,Deflect-o DuraMat Antistatic Studded Beveled Mat for Medium Pile Carpeting,210.68,2,0.0,50.5632,191,35.0,14.7,162.14133333333334,17.1688,6,0
8449,CA-2017-125451,2017-10-23,2017-10-24,First Class,AH-10075,Adam Hart,Corporate,United States,Cranston,Rhode Island,2920,East,FUR-TA-10004915,Furniture,Tables,"Office Impressions End Table, 20-1/2""H x 24""W x 20""D",637.896,3,0.3,-127.5792,191,210.68,50.5632,294.5253333333333,-20.772000000000002,6,0
8455,CA-2016-125087,2016-04-18,2016-04-23,Standard Class,TH-21115,Thea Hudgings,Corporate,United States,Houston,Texas,77070,Central,FUR-FU-10004748,Furniture,Furnishings,"Howard Miller 16"" Diameter Gallery Wall Clock",127.88,5,0.6,-67.137,0,344.372,-93.4724,158.52133333333333,-53.315666666666665,0,0
8470,US-2017-132031,2017-04-23,2017-04-27,Standard Class,PN-18775,Parhena Norris,Home Office,United States,Clarksville,Tennessee,37042,South,FUR-BO-10001972,Furniture,Bookcases,O'Sullivan 4-Shelf Bookcase in Odessa Pine,387.136,4,0.2,-14.5176,126,563.94,112.788,349.202,46.270999999999994,4,0
8472,US-2017-132031,2017-04-23,2017-04-27,Standard Class,PN-18775,Parhena Norris,Home Office,United States,Clarksville,Tennessee,37042,South,FUR-FU-10000193,Furniture,Furnishings,Tenex Chairmats For Use with Hard Floors,77.952,3,0.2,-11.6928,126,387.136,-14.5176,343.00933333333336,28.859199999999998,4,0
8485,CA-2017-142391,2017-09-24,2017-09-24,Same Day,PB-19150,Philip Brown,Consumer,United States,Seattle,Washington,98115,West,FUR-FU-10002759,Furniture,Furnishings,12-1/2 Diameter Round Wall Clock,199.8,10,0.0,71.928,985,464.85,92.97,247.41666666666666,67.64066666666666,32,1
8491,CA-2016-158841,2016-02-02,2016-02-04,Second Class,SE-20110,Sanjit Engle,Consumer,United States,Arlington,Virginia,22204,South,FUR-FU-10001731,Furniture,Furnishings,Acrylic Self-Standing Desk Frames,18.69,7,0.0,7.1022,0,601.47,-300.735,211.43200000000002,-100.46920000000001,0,1
8503,CA-2015-102316,2015-03-01,2015-03-03,Second Class,DH-13075,Dave Hallsten,Corporate,United States,Los Angeles,California,90045,West,FUR-CH-10003396,Furniture,Chairs,Global Deluxe Steno Chair,184.752,3,0.2,-20.7846,0,21.56,6.8992,77.59733333333334,-1.2743333333333335,0,1
8505,CA-2016-109400,2016-05-02,2016-05-06,Standard Class,NR-18550,Nick Radford,Consumer,United States,Amarillo,Texas,79109,Central,FUR-CH-10003298,Furniture,Chairs,"Office Star - Contemporary Task Swivel chair with Loop Arms, Charcoal",366.744,4,0.3,-110.0232,695,241.568,0.0,292.4156666666667,-106.59750000000001,23,1
8513,CA-2016-144645,2016-02-02,2016-02-08,Standard Class,NS-18640,Noel Staavos,Corporate,United States,Houston,Texas,77041,Central,FUR-FU-10003601,Furniture,Furnishings,"Deflect-o RollaMat Studded, Beveled Mat for Medium Pile Carpeting",73.784,2,0.6,-77.4732,587,16.02,6.0876,139.46466666666666,-73.08370000000001,20,1
8520,CA-2017-118003,2017-12-04,2017-12-10,Standard Class,DO-13645,Doug O'Connell,Consumer,United States,Paterson,New Jersey,7501,East,FUR-CH-10003817,Furniture,Chairs,"Global Value Steno Chair, Gray",182.22,3,0.0,45.555,91,12.99,1.5588,97.46466666666667,17.729266666666664,3,0
8521,CA-2017-118003,2017-12-04,2017-12-10,Standard Class,DO-13645,Doug O'Connell,Consumer,United States,Paterson,New Jersey,7501,East,FUR-CH-10004860,Furniture,Chairs,Global Low Back Tilter Chair,302.94,3,0.0,18.1764,91,182.22,45.555,166.04999999999998,21.7634,3,0
8522,CA-2016-141887,2016-01-11,2016-01-15,Standard Class,MP-17470,Mark Packer,Home Office,United States,Columbus,Ohio,43229,East,FUR-FU-10002268,Furniture,Furnishings,Ultra Door Push Plate,54.992,14,0.2,8.9362,652,127.302,-9.093,220.7313333333333,27.142066666666665,22,1
8526,CA-2017-161172,2017-03-16,2017-03-16,Same Day,SP-20920,Susan Pistek,Consumer,United States,Columbus,Ohio,43229,East,FUR-FU-10003424,Furniture,Furnishings,Nu-Dell Oak Frame,51.264,6,0.2,7.6896,124,449.372,-12.8392,679.2366666666667,-1.7165333333333332,4,1
8530,CA-2017-137624,2017-11-10,2017-11-17,Standard Class,ME-17320,Maria Etezadi,Home Office,United States,Los Angeles,California,90008,West,FUR-CH-10001714,Furniture,Chairs,"Global Leather & Oak Executive Chair, Burgundy",241.424,2,0.2,-36.2136,1404,2573.82,746.4078,1219.7866666666669,224.67259999999996,46,0
8534,CA-2016-156748,2016-11-30,2016-12-06,Standard Class,BS-11755,Bruce Stewart,Consumer,United States,Detroit,Michigan,48227,Central,FUR-CH-10000513,Furniture,Chairs,High-Back Leather Manager's Chair,389.97,3,0.0,35.0973,850,36.672,6.4176,165.03400000000002,20.6843,27,0
8543,CA-2015-157287,2015-12-22,2015-12-23,First Class,HR-14830,Harold Ryan,Corporate,United States,Philadelphia,Pennsylvania,19140,East,FUR-CH-10001270,Furniture,Chairs,Harbour Creations Steel Folding Chair,422.625,7,0.3,0.0,0,207.846,2.3094,504.7703333333334,33.9138,0,1
8545,CA-2016-119074,2016-03-27,2016-03-31,Standard Class,DS-13180,David Smith,Corporate,United States,Columbus,Georgia,31907,South,FUR-FU-10004053,Furniture,Furnishings,DAX Two-Tone Silver Metal Document Frame,20.24,1,0.0,8.7032,231,81.424,-9.1602,149.822,-8.433333333333332,7,1
8546,CA-2016-119074,2016-03-27,2016-03-31,Standard Class,DS-13180,David Smith,Corporate,United States,Columbus,Georgia,31907,South,FUR-FU-10003731,Furniture,Furnishings,"Eldon Expressions Wood and Plastic Desk Accessories, Oak",39.92,4,0.0,11.1776,231,20.24,8.7032,47.19466666666667,3.5735333333333337,7,1
8550,CA-2015-126186,2015-09-11,2015-09-12,First Class,GB-14530,George Bell,Corporate,United States,Aurora,Colorado,80013,West,FUR-FU-10000073,Furniture,Furnishings,Deflect-O Glasstique Clear Desk Accessories,24.64,4,0.2,4.004,0,127.95,21.7515,105.49000000000001,-18.728166666666667,0,1
8555,CA-2016-102092,2016-12-09,2016-12-11,First Class,PM-18940,Paul MacIntyre,Consumer,United States,Springfield,Virginia,22153,South,FUR-TA-10002530,Furniture,Tables,"Iceberg OfficeWorks 42"" Round Tables",1056.86,7,0.0,158.529,690,199.304,-8.5416,452.8673333333333,45.6056,23,1
8562,CA-2016-132829,2016-12-23,2016-12-26,Second Class,LA-16780,Laura Armstrong,Corporate,United States,Houston,Texas,77041,Central,FUR-FU-10000206,Furniture,Furnishings,"GE General Purpose, Extra Long Life, Showcase & Floodlight Incandescent Bulbs",2.328,2,0.6,-0.7566,969,561.584,70.198,1356.2706666666666,256.80713333333335,32,1
8565,US-2017-108315,2017-04-30,2017-05-04,Standard Class,MH-18115,Mick Hernandez,Home Office,United States,Sanford,Florida,32771,South,FUR-FU-10000747,Furniture,Furnishings,Tenex B1-RE Series Chair Mats for Low Pile Carpets,220.704,6,0.2,-8.2764,250,22.608,-10.1736,95.72800000000001,-2.3112,8,1
8577,CA-2017-106747,2017-07-03,2017-07-04,First Class,TS-21505,Tony Sayre,Consumer,United States,Concord,New Hampshire,3301,East,FUR-FU-10004188,Furniture,Furnishings,Luxo Professional Combination Clamp-On Lamps,102.3,1,0.0,26.598,926,102.018,-183.6324,72.55933333333333,-51.00879999999999,31,0
8581,CA-2014-130673,2014-05-20,2014-05-22,Second Class,MC-17590,Matt Collister,Corporate,United States,San Marcos,Texas,78666,Central,FUR-FU-10003489,Furniture,Furnishings,Contemporary Borderless Frame,10.332,3,0.6,-5.9409,0,6.096,-3.9624,411.721,-43.9256,0,1
8593,CA-2017-101700,2017-04-23,2017-04-26,First Class,SO-20335,Sean O'Donnell,Consumer,United States,Greeley,Colorado,80634,West,FUR-FU-10001025,Furniture,Furnishings,"Eldon Imge Series Desk Accessories, Clear",11.664,3,0.2,3.3534,560,141.96,41.1684,55.919999999999995,16.2542,18,0
8610,CA-2014-151946,2014-06-04,2014-06-09,Standard Class,BT-11440,Bobby Trafton,Consumer,United States,New York City,New York,10035,East,FUR-BO-10003272,Furniture,Bookcases,O'Sullivan Living Dimensions 5-Shelf Bookcases,353.568,2,0.2,-44.196,0,56.96,21.0752,160.94066666666666,-40.64086666666667,0,1
8611,CA-2014-151946,2014-06-04,2014-06-09,Standard Class,BT-11440,Bobby Trafton,Consumer,United States,New York City,New York,10035,East,FUR-FU-10002191,Furniture,Furnishings,G.E. Halogen Desk Lamp Bulbs,13.96,2,0.0,6.7008,0,353.568,-44.196,141.496,-5.473333333333334,0,1
8619,CA-2017-117513,2017-03-03,2017-03-08,Standard Class,BT-11395,Bill Tyler,Corporate,United States,Los Angeles,California,90004,West,FUR-TA-10001520,Furniture,Tables,"Lesro Sheffield Collection Coffee Table, End Table, Center Table, Corner Table",399.672,7,0.2,-14.9877,690,37.68,15.8256,514.754,40.866,23,1
8621,US-2017-119319,2017-11-06,2017-11-09,Second Class,LC-17050,Liz Carlisle,Consumer,United States,Dallas,Texas,75217,Central,FUR-FU-10003878,Furniture,Furnishings,"Linden 10"" Round Wall Clock, Black",30.56,5,0.6,-19.864,1375,866.4,225.264,380.29333333333335,63.385,46,0
8632,CA-2016-107783,2016-07-28,2016-07-29,First Class,OT-18730,Olvera Toch,Consumer,United States,Bethlehem,Pennsylvania,18018,East,FUR-BO-10004409,Furniture,Bookcases,"Safco Value Mate Series Steel Bookcases, Baked Enamel Finish on Steel, Gray",177.45,5,0.5,-78.078,48,356.85,60.6645,623.3266666666667,-78.15383333333334,1,0
8635,CA-2017-159793,2017-08-25,2017-08-29,Standard Class,SV-20365,Seth Vernon,Consumer,United States,Philadelphia,Pennsylvania,19140,East,FUR-BO-10001798,Furniture,Bookcases,Bush Somerset Collection Bookcase,130.98,2,0.5,-89.0664,1322,902.712,33.8517,410.81199999999984,-23.136899999999997,43,1
8646,CA-2015-108259,2015-11-08,2015-11-15,Standard Class,NS-18640,Noel Staavos,Corporate,United States,Jacksonville,North Carolina,28540,South,FUR-FU-10000023,Furniture,Furnishings,Eldon Wave Desk Accessories,4.712,1,0.2,1.4136,501,73.784,-77.4732,31.505333333333336,-23.324,17,1
8647,CA-2016-113341,2016-11-25,2016-11-29,Standard Class,MH-17455,Mark Hamilton,Consumer,United States,Los Angeles,California,90032,West,FUR-CH-10004698,Furniture,Chairs,"Padded Folding Chairs, Black, 4/Carton",194.352,3,0.2,19.4352,706,91.008,19.3392,158.73600000000002,5.768,23,1
8652,CA-2014-142769,2014-09-13,2014-09-13,Same Day,RP-19390,Resi Plking,Consumer,United States,Seattle,Washington,98103,West,FUR-FU-10001918,Furniture,Furnishings,C-Line Cubicle Keepers Polyproplyene Holder With Velcro Backings,14.19,3,0.0,5.5341,0,2807.84,673.8816,950.7966666666667,229.3814,0,1
8661,CA-2017-124765,2017-11-25,2017-11-30,Standard Class,HZ-14950,Henia Zydlo,Consumer,United States,Fort Lauderdale,Florida,33311,South,FUR-BO-10003965,Furniture,Bookcases,O'Sullivan Manor Hill 2-Door Library in Brianna Oak,723.92,5,0.2,-81.441,621,65.424,-52.3392,270.40799999999996,-42.496566666666666,20,0
8662,CA-2015-131856,2015-05-12,2015-05-17,Standard Class,JG-15160,James Galang,Consumer,United States,Houston,Texas,77041,Central,FUR-FU-10000175,Furniture,Furnishings,DAX Wood Document Frame.,21.968,4,0.6,-15.9268,0,35.0,14.7,82.92933333333333,24.52766666666666,0,0
8671,US-2014-159611,2014-12-27,2015-01-01,Second Class,KB-16315,Karl Braun,Consumer,United States,Cleveland,Ohio,44105,East,FUR-FU-10004904,Furniture,Furnishings,"Eldon ""L"" Workstation Diamond Chairmat",182.352,3,0.2,-18.2352,123,10.68,4.0584,82.12400000000001,0.7861999999999997,4,1
8674,CA-2017-163265,2017-02-16,2017-02-21,Standard Class,JS-16030,Joy Smith,Consumer,United States,Decatur,Illinois,62521,Central,FUR-CH-10004063,Furniture,Chairs,Global Deluxe High-Back Manager's Chair,600.558,3,0.3,-8.5794,212,504.9,126.225,430.346,64.5778,7,0
8677,CA-2017-163265,2017-02-16,2017-02-21,Standard Class,JS-16030,Joy Smith,Consumer,United States,Decatur,Illinois,62521,Central,FUR-FU-10004270,Furniture,Furnishings,"Executive Impressions 13"" Clairmont Wall Clock",7.692,1,0.6,-3.6537,212,600.558,-8.5794,371.04999999999995,37.9973,7,0
8678,CA-2017-141705,2017-10-24,2017-10-26,First Class,PO-18850,Patrick O'Brill,Consumer,United States,Mansfield,Texas,76063,Central,FUR-TA-10004607,Furniture,Tables,Hon 2111 Invitation Series Straight Table,517.405,5,0.3,-81.3065,711,122.136,-13.7403,214.10833333333332,-31.543066666666665,23,0
8696,CA-2017-127096,2017-09-15,2017-09-17,Second Class,CS-12400,Christopher Schild,Home Office,United States,San Francisco,California,94109,West,FUR-TA-10003473,Furniture,Tables,Bretford Rectangular Conference Table Tops,300.904,1,0.2,11.2839,161,258.072,0.0,393.19683333333336,-78.9873,5,1
8698,CA-2017-119284,2017-06-15,2017-06-20,Standard Class,TS-21205,Thomas Seio,Corporate,United States,Nashville,Tennessee,37211,South,FUR-FU-10004351,Furniture,Furnishings,Staple-based wall hangings,31.168,4,0.2,9.3504,1102,37.4,14.212,52.036,20.401533333333333,36,1
8699,CA-2017-119284,2017-06-15,2017-06-20,Standard Class,TS-21205,Thomas Seio,Corporate,United States,Nashville,Tennessee,37211,South,FUR-TA-10004152,Furniture,Tables,"Barricks 18"" x 48"" Non-Folding Utility Table with Bottom Storage Shelf",120.96,2,0.4,-28.224,1102,31.168,9.3504,63.175999999999995,-1.5538666666666667,36,1
8707,CA-2014-146815,2014-09-08,2014-09-13,Standard Class,PP-18955,Paul Prost,Home Office,United States,New York City,New York,10009,East,FUR-CH-10004289,Furniture,Chairs,Global Super Steno Chair,172.764,2,0.1,13.4372,0,15.24,5.1816,845.6080000000001,139.30606666666668,0,1
8710,CA-2014-119144,2014-11-16,2014-11-18,First Class,JD-16150,Justin Deggeller,Corporate,United States,Los Angeles,California,90008,West,FUR-BO-10004015,Furniture,Bookcases,"Bush Andora Bookcase, Maple/Graphite Gray Finish",305.9745,3,0.15,25.1979,0,91.96,15.6332,255.63483333333332,27.139266666666668,0,1
8712,CA-2014-105648,2014-03-03,2014-03-07,Standard Class,EJ-14155,Eva Jacobs,Consumer,United States,San Diego,California,92037,West,FUR-TA-10002958,Furniture,Tables,"Bevis Oval Conference Table, Walnut",626.352,3,0.2,-23.4882,0,366.009,-47.0583,367.837,-7.213500000000001,0,1
8713,US-2015-145422,2015-12-03,2015-12-07,Standard Class,PW-19240,Pierre Wener,Consumer,United States,San Francisco,California,94110,West,FUR-BO-10002213,Furniture,Bookcases,"Sauder Forest Hills Library, Woodland Oak Finish",359.499,3,0.15,-29.6058,380,408.422,-5.8346,304.63366666666667,-44.90226666666666,13,1
8721,CA-2016-120824,2016-06-12,2016-06-16,Second Class,AW-10930,Arthur Wiediger,Home Office,United States,Houston,Texas,77070,Central,FUR-CH-10000229,Furniture,Chairs,Global Enterprise Series Seating High-Back Swivel/Tilt Chairs,379.372,2,0.3,-119.2312,212,6.984,-4.5396,150.112,-34.00586666666667,7,1
8728,CA-2015-103870,2015-12-27,2015-12-31,Standard Class,SP-20860,Sung Pak,Corporate,United States,Murfreesboro,Tennessee,37130,South,FUR-FU-10002030,Furniture,Furnishings,"Executive Impressions 14"" Contract Wall Clock with Quartz Movement",53.352,3,0.2,16.0056,377,254.352,0.0,105.416,2.843200000000001,12,1
8729,CA-2015-103870,2015-12-27,2015-12-31,Standard Class,SP-20860,Sung Pak,Corporate,United States,Murfreesboro,Tennessee,37130,South,FUR-BO-10002853,Furniture,Bookcases,O'Sullivan 5-Shelf Heavy-Duty Bookcases,131.104,2,0.2,8.194,377,53.352,16.0056,146.26933333333332,8.066533333333334,12,1
8734,CA-2017-116988,2017-06-27,2017-06-29,Second Class,PW-19030,Pauline Webber,Corporate,United States,Seattle,Washington,98105,West,FUR-FU-10001290,Furniture,Furnishings,Executive Impressions Supervisor Wall Clock,126.3,3,0.0,40.416,1138,90.882,15.147,150.02066666666667,24.343,37,1
8743,US-2015-144771,2015-10-02,2015-10-04,First Class,CK-12205,Chloris Kastensmidt,Consumer,United States,Hillsboro,Oregon,97123,West,FUR-FU-10000629,Furniture,Furnishings,9-3/4 Diameter Round Wall Clock,11.032,1,0.2,3.0338,570,129.888,12.9888,72.95733333333334,10.537666666666667,19,1
8747,CA-2017-128076,2017-02-02,2017-02-07,Standard Class,BO-11350,Bill Overfelt,Corporate,United States,San Diego,California,92105,West,FUR-FU-10000293,Furniture,Furnishings,Eldon Antistatic Chair Mats for Low to Medium Pile Carpets,210.58,2,0.0,12.6348,396,373.47,-112.041,205.49933333333334,-30.701800000000002,13,1
8759,CA-2016-114307,2016-07-22,2016-07-26,Standard Class,MF-17665,Maureen Fritzler,Corporate,United States,Columbia,Maryland,21044,East,FUR-FU-10000794,Furniture,Furnishings,"Eldon Stackable Tray, Side-Load, Legal, Smoke",27.42,3,0.0,9.3228,195,50.496,8.2056,31.028000000000002,7.1068,6,1
8771,CA-2016-151148,2016-09-12,2016-09-13,Same Day,PO-19180,Philisse Overcash,Home Office,United States,Louisville,Colorado,80027,West,FUR-CH-10002304,Furniture,Chairs,"Global Stack Chair without Arms, Black",83.136,4,0.2,5.196,307,19.54,7.2298,43.96533333333333,8.427533333333333,10,1
8784,CA-2016-116911,2016-09-15,2016-09-20,Standard Class,JD-16150,Justin Deggeller,Corporate,United States,Twin Falls,Idaho,83301,West,FUR-TA-10003473,Furniture,Tables,Bretford Rectangular Conference Table Tops,1128.39,3,0.0,259.5297,669,305.9745,25.1979,508.7748333333334,100.12026666666667,22,1
8789,CA-2017-126914,2017-06-15,2017-06-19,Standard Class,JE-15715,Joe Elijah,Consumer,United States,Monroe,North Carolina,28110,South,FUR-CH-10000847,Furniture,Chairs,Global Executive Mid-Back Manager's Chair,698.352,3,0.2,52.3764,342,2563.056,313.2624,1244.642,72.00269999999999,11,1
8790,CA-2017-126914,2017-06-15,2017-06-19,Standard Class,JE-15715,Joe Elijah,Consumer,United States,Monroe,North Carolina,28110,South,FUR-BO-10000468,Furniture,Bookcases,O'Sullivan 2-Shelf Heavy-Duty Bookcases,77.728,2,0.2,-3.8864,342,698.352,52.3764,1113.0453333333332,120.58413333333333,11,1
8807,CA-2016-113082,2016-09-12,2016-09-16,Standard Class,MC-17590,Matt Collister,Corporate,United States,Utica,New York,13501,East,FUR-FU-10002813,Furniture,Furnishings,"DAX Contemporary Wood Frame with Silver Metal Mat, Desktop, 11 x 14 Size",40.48,2,0.0,14.5728,846,10.332,-5.9409,18.969333333333335,1.5565000000000004,28,1
8814,CA-2015-127754,2015-07-26,2015-07-31,Standard Class,CK-12760,Cyma Kinney,Corporate,United States,Glendale,Arizona,85301,West,FUR-CH-10003199,Furniture,Chairs,Office Star - Contemporary Task Swivel Chair,266.352,3,0.2,13.3176,0,66.645,-42.6528,328.4823333333333,-153.3174,0,0
8832,CA-2015-145324,2015-11-15,2015-11-19,Standard Class,DH-13675,Duane Huffman,Home Office,United States,Harrisonburg,Virginia,22801,South,FUR-FU-10002759,Furniture,Furnishings,12-1/2 Diameter Round Wall Clock,39.96,2,0.0,14.3856,352,411.332,-4.8392,178.864,8.0158,12,1
8850,CA-2015-140718,2015-07-02,2015-07-04,First Class,FA-14230,Frank Atkinson,Corporate,United States,Raleigh,North Carolina,27604,South,FUR-FU-10000076,Furniture,Furnishings,24-Hour Round Wall Clock,159.84,10,0.2,45.954,143,106.68,33.0708,185.36266666666666,29.9612,5,1
8871,CA-2017-101805,2017-12-01,2017-12-06,Standard Class,SH-19975,Sally Hughsby,Corporate,United States,Seattle,Washington,98105,West,FUR-FU-10000023,Furniture,Furnishings,Eldon Wave Desk Accessories,70.68,12,0.0,31.0992,1087,307.136,-11.5176,238.72266666666667,7.937,36,0
8894,CA-2014-124723,2014-08-05,2014-08-12,Standard Class,GZ-14470,Gary Zandusky,Consumer,United States,Texas City,Texas,77590,Central,FUR-TA-10001307,Furniture,Tables,"SAFCO PlanMaster Heigh-Adjustable Drafting Table Base, 43w x 30d x 30-37h, Black",489.23,2,0.3,41.934,0,230.352,20.1558,534.474,53.840599999999995,0,1
8895,CA-2016-167241,2016-08-15,2016-08-22,Standard Class,BD-11320,Bill Donatelli,Consumer,United States,Los Angeles,California,90004,West,FUR-FU-10004071,Furniture,Furnishings,Luxo Professional Magnifying Clamp-On Fluorescent Lamps,312.03,3,0.0,43.6842,442,2567.84,770.352,966.2366666666667,273.355,15,0
8901,CA-2016-150483,2016-05-31,2016-06-04,Standard Class,BP-11290,Beth Paige,Consumer,United States,Decatur,Illinois,62521,Central,FUR-FU-10001379,Furniture,Furnishings,"Executive Impressions 16-1/2"" Circular Wall Clock",32.064,3,0.6,-12.8256,606,363.92,0.0,344.7573333333333,-14.913333333333334,19,0
8903,CA-2016-150483,2016-05-31,2016-06-04,Standard Class,BP-11290,Beth Paige,Consumer,United States,Decatur,Illinois,62521,Central,FUR-CH-10000422,Furniture,Chairs,Global Highback Leather Tilter in Burgundy,191.079,3,0.3,-38.2158,606,32.064,-12.8256,195.68766666666667,-17.0138,19,0
8920,CA-2014-160276,2014-04-02,2014-04-08,Standard Class,AH-10690,Anna Hberlin,Corporate,United States,Virginia Beach,Virginia,23464,South,FUR-FU-10003192,Furniture,Furnishings,Luxo Adjustable Task Clamp Lamp,177.68,2,0.0,46.1968,0,863.128,-32.3673,351.856,0.7968333333333343,0,1
8923,CA-2016-145709,2016-10-04,2016-10-08,Standard Class,AH-10690,Anna Hberlin,Corporate,United States,Coral Gables,Florida,33134,South,FUR-FU-10002885,Furniture,Furnishings,Magna Visual Magnetic Picture Hangers,11.568,3,0.2,2.6028,916,177.68,46.1968,350.792,5.477433333333334,30,1
8930,US-2015-168704,2015-04-13,2015-04-17,Standard Class,FP-14320,Frank Preis,Consumer,United States,Huntsville,Texas,77340,Central,FUR-TA-10002530,Furniture,Tables,"Iceberg OfficeWorks 42"" Round Tables",211.372,2,0.3,-45.294,0,609.98,-113.282,712.948,44.73333333333334,0,1
8932,CA-2017-143252,2017-12-18,2017-12-24,Standard Class,HE-14800,Harold Engle,Corporate,United States,Milwaukee,Wisconsin,53209,Central,FUR-FU-10001057,Furniture,Furnishings,Tensor Track Tree Floor Lamp,99.95,5,0.0,22.9885,378,39.98,9.1954,74.61666666666666,12.686099999999998,12,0
8944,CA-2017-111717,2017-10-10,2017-10-16,Standard Class,SW-20245,Scot Wooten,Consumer,United States,Aurora,Illinois,60505,Central,FUR-CH-10001545,Furniture,Chairs,Hon Comfortask Task/Swivel Chairs,239.358,3,0.3,-47.8716,708,231.92,5.798,222.68733333333333,-21.403933333333338,23,0
8955,CA-2014-156790,2014-08-08,2014-08-10,Second Class,VG-21790,Vivek Gonzalez,Consumer,United States,Jacksonville,Florida,32216,South,FUR-BO-10000468,Furniture,Bookcases,O'Sullivan 2-Shelf Heavy-Duty Bookcases,155.456,4,0.2,-7.7728,0,115.96,25.5112,141.04533333333333,15.016,0,1
8965,CA-2016-157280,2016-11-05,2016-11-07,First Class,LW-17125,Liz Willingham,Consumer,United States,Virginia Beach,Virginia,23464,South,FUR-FU-10003806,Furniture,Furnishings,"Tenex Chairmat w/ Average Lip, 45"" x 53""",756.8,5,0.0,75.68,786,273.96,71.2296,386.2366666666667,56.22036666666667,26,1
8972,CA-2017-122308,2017-03-24,2017-03-28,Standard Class,MV-17485,Mark Van Huff,Consumer,United States,New York City,New York,10011,East,FUR-CH-10000665,Furniture,Chairs,"Global Airflow Leather Mesh Back Chair, Black",271.764,2,0.1,60.392,1159,75.384,-20.7306,120.24666666666667,8.463266666666668,38,0
8974,CA-2017-159226,2017-04-25,2017-04-27,Second Class,RL-19615,Rob Lucas,Consumer,United States,Los Angeles,California,90008,West,FUR-BO-10004709,Furniture,Bookcases,"Bush Westfield Collection Bookcases, Medium Cherry Finish",344.981,7,0.15,28.4102,653,87.21,-45.3492,146.65033333333332,-6.357666666666668,21,1
8984,CA-2016-110898,2016-03-06,2016-03-12,Standard Class,LC-16870,Lena Cacioppo,Consumer,United States,Chicago,Illinois,60623,Central,FUR-FU-10003773,Furniture,Furnishings,Eldon Cleatmat Plus Chair Mats for High Pile Carpets,159.04,5,0.6,-194.824,114,16.192,4.6552,63.984,-62.27493333333334,4,0
8985,CA-2016-110898,2016-03-06,2016-03-12,Standard Class,LC-16870,Lena Cacioppo,Consumer,United States,Chicago,Illinois,60623,Central,FUR-TA-10000849,Furniture,Tables,Bevis Rectangular Conference Tables,145.98,2,0.5,-99.2664,114,159.04,-194.824,107.07066666666667,-96.47840000000001,4,0
8990,US-2015-128587,2015-12-24,2015-12-30,Standard Class,HM-14860,Harry Marie,Corporate,United States,Springfield,Missouri,65807,Central,FUR-FU-10003026,Furniture,Furnishings,"Eldon Regeneration Recycled Desk Accessories, Black",9.68,2,0.0,3.7752,521,657.93,-93.99,247.35333333333332,-23.3711,17,0
9000,CA-2017-137785,2017-05-13,2017-05-17,Standard Class,MH-18115,Mick Hernandez,Home Office,United States,Philadelphia,Pennsylvania,19140,East,FUR-CH-10001482,Furniture,Chairs,Office Star - Mesh Screen back chair with Vinyl seat,458.43,5,0.3,-124.431,263,220.704,-8.2764,233.914,-47.627,9,1
9009,CA-2017-107825,2017-11-18,2017-11-18,Same Day,NB-18655,Nona Balk,Corporate,United States,Milwaukee,Wisconsin,53209,Central,FUR-FU-10000206,Furniture,Furnishings,"GE General Purpose, Extra Long Life, Showcase & Floodlight Incandescent Bulbs",5.82,2,0.0,2.7354,426,142.182,-37.9152,177.14666666666665,-67.4994,14,0
9013,CA-2016-121447,2016-02-21,2016-02-22,First Class,EA-14035,Erin Ashbrook,Corporate,United States,New York City,New York,10011,East,FUR-FU-10001861,Furniture,Furnishings,"Floodlight Indoor Halogen Bulbs, 1 Bulb per Pack, 60 Watts",135.8,7,0.0,66.542,477,528.43,0.0,242.39599999999996,21.281266666666667,15,1
9021,CA-2014-100706,2014-12-16,2014-12-18,Second Class,LE-16810,Laurel Elliston,Consumer,United States,Springfield,Virginia,22153,South,FUR-FU-10002268,Furniture,Furnishings,Ultra Door Push Plate,29.46,6,0.0,9.7218,0,181.986,-54.5958,284.4686666666667,44.95826666666667,0,1
9023,US-2016-141880,2016-08-22,2016-08-23,First Class,TC-21475,Tony Chapman,Home Office,United States,Fort Collins,Colorado,80525,West,FUR-FU-10001979,Furniture,Furnishings,Dana Halogen Swing-Arm Architect Lamp,98.328,3,0.2,9.8328,277,141.96,22.7136,217.36266666666666,34.184133333333335,9,1
9024,CA-2015-165799,2015-06-29,2015-07-02,First Class,SG-20470,Sheri Gordon,Consumer,United States,New York City,New York,10024,East,FUR-CH-10001482,Furniture,Chairs,Office Star - Mesh Screen back chair with Vinyl seat,117.882,1,0.1,1.3098,338,25.71,9.2556,70.49066666666667,9.631,11,1
9027,CA-2016-102127,2016-06-26,2016-07-02,Standard Class,VP-21760,Victoria Pisteka,Corporate,United States,New York City,New York,10035,East,FUR-FU-10003976,Furniture,Furnishings,"DAX Executive Solid Wood Document Frame, Desktop or Hang, Mahogany, 5 x 7",37.74,3,0.0,12.8316,659,1875.258,-968.8833,651.6260000000001,-314.6355,21,0
9028,US-2016-152415,2016-09-17,2016-09-22,Standard Class,PO-18865,Patrick O'Donnell,Consumer,United States,Marlborough,Massachusetts,1752,East,FUR-FU-10002597,Furniture,Furnishings,"C-Line Magnetic Cubicle Keepers, Clear Polypropylene",14.82,3,0.0,6.2244,0,323.136,12.1176,213.30533333333335,17.185866666666666,0,0
9029,US-2016-152415,2016-09-17,2016-09-22,Standard Class,PO-18865,Patrick O'Donnell,Consumer,United States,Marlborough,Massachusetts,1752,East,FUR-FU-10004864,Furniture,Furnishings,"Howard Miller 14-1/2"" Diameter Chrome Round Wall Clock",191.82,3,0.0,61.3824,0,14.82,6.2244,176.592,26.5748,0,0
9032,CA-2017-128041,2017-09-01,2017-09-01,Same Day,RW-19540,Rick Wilson,Corporate,United States,Seattle,Washington,98103,West,FUR-TA-10002607,Furniture,Tables,KI Conference Tables,283.56,4,0.0,45.3696,941,148.02,41.4456,302.79333333333335,68.67173333333334,31,1
9033,CA-2017-105823,2017-06-22,2017-06-26,Standard Class,RB-19465,Rick Bensley,Home Office,United States,Detroit,Michigan,48227,Central,FUR-CH-10000454,Furniture,Chairs,"Hon Deluxe Fabric Upholstered Stacking Chairs, Rounded Back",487.96,2,0.0,146.388,1019,161.96,45.3488,359.94,101.17026666666668,33,0
9042,CA-2014-114335,2014-09-28,2014-10-03,Standard Class,XP-21865,Xylona Preis,Consumer,United States,Hollywood,Florida,33021,South,FUR-FU-10000277,Furniture,Furnishings,Deflect-o DuraMat Antistatic Studded Beveled Mat for Medium Pile Carpeting,337.088,4,0.2,16.8544,251,186.54,41.0388,179.45266666666666,20.918033333333334,8,1
9057,CA-2015-160227,2015-11-02,2015-11-04,First Class,ED-13885,Emily Ducich,Home Office,United States,New York City,New York,10011,East,FUR-CH-10002073,Furniture,Chairs,Hon Olson Stacker Chairs,2621.322,11,0.1,553.3902,0,16.784,-22.2388,904.2326666666668,176.34006666666667,0,1
9058,CA-2015-149097,2015-10-20,2015-10-24,Standard Class,SV-20785,Stewart Visinsky,Consumer,United States,Los Angeles,California,90045,West,FUR-FU-10003424,Furniture,Furnishings,Nu-Dell Oak Frame,74.76,7,0.0,23.9232,170,484.704,-84.8232,424.888,39.300000000000004,5,1
9059,CA-2015-149097,2015-10-20,2015-10-24,Standard Class,SV-20785,Stewart Visinsky,Consumer,United States,Los Angeles,California,90045,West,FUR-TA-10001086,Furniture,Tables,"SAFCO PlanMaster Boards, 60w x 37-1/2d, White Melamine",364.776,3,0.2,27.3582,170,74.76,23.9232,308.08,-11.180599999999998,5,1
9060,CA-2016-132304,2016-06-14,2016-06-18,Standard Class,AR-10825,Anthony Rawles,Corporate,United States,Seattle,Washington,98103,West,FUR-TA-10004619,Furniture,Tables,Hon Non-Folding Utility Tables,1115.17,7,0.0,334.551,0,347.802,-24.843,492.5906666666667,105.25866666666667,0,1
9069,CA-2016-106278,2016-09-02,2016-09-05,Second Class,BM-11140,Becky Martin,Consumer,United States,Des Moines,Washington,98198,West,FUR-CH-10003061,Furniture,Chairs,"Global Leather Task Chair, Black",215.976,3,0.2,-2.6997,725,113.79,20.4822,689.942,-2.3585000000000007,24,1
9071,CA-2017-147550,2017-12-04,2017-12-05,First Class,KE-16420,Katrina Edelman,Corporate,United States,Philadelphia,Pennsylvania,19134,East,FUR-FU-10001918,Furniture,Furnishings,C-Line Cubicle Keepers Polyproplyene Holder With Velcro Backings,11.352,3,0.2,2.6961,1275,205.9992,-27.2646,129.2344,-4.640500000000001,42,0
9093,CA-2015-162950,2015-06-28,2015-07-03,Second Class,DW-13585,Dorothy Wardle,Corporate,United States,Troy,Ohio,45373,East,FUR-BO-10001918,Furniture,Bookcases,"Sauder Forest Hills Library with Doors, Woodland Oak Finish",482.94,6,0.5,-376.6932,0,198.272,-32.2192,270.3806666666667,-131.97313333333332,0,1
9104,CA-2015-163181,2015-11-07,2015-11-12,Standard Class,AB-10105,Adrian Barton,Consumer,United States,Houston,Texas,77041,Central,FUR-FU-10000193,Furniture,Furnishings,Tenex Chairmats For Use with Hard Floors,64.96,5,0.6,-84.448,0,821.88,213.6888,426.6683333333333,-25.06833333333333,0,0
9118,CA-2017-153045,2017-01-19,2017-01-24,Second Class,NS-18505,Neola Schneider,Consumer,United States,Philadelphia,Pennsylvania,19140,East,FUR-CH-10000309,Furniture,Chairs,Global Comet Stacking Arm Chair,887.271,3,0.3,-63.3765,0,31.968,6.3936,342.61566666666664,-15.826566666666666,0,0
9125,CA-2016-128916,2016-08-18,2016-08-20,Second Class,MA-17560,Matt Abelman,Home Office,United States,Houston,Texas,77070,Central,FUR-FU-10001940,Furniture,Furnishings,Staple-based wall hangings,9.552,3,0.6,-3.8208,741,446.068,0.0,164.86333333333332,0.28519999999999995,24,1
9126,CA-2016-128916,2016-08-18,2016-08-20,Second Class,MA-17560,Matt Abelman,Home Office,United States,Houston,Texas,77070,Central,FUR-FU-10000320,Furniture,Furnishings,OIC Stacking Trays,5.344,4,0.6,-2.1376,741,9.552,-3.8208,153.65466666666666,-1.9861333333333333,24,1
9130,CA-2016-130911,2016-03-24,2016-03-26,Second Class,DC-12850,Dan Campbell,Consumer,United States,Cleveland,Ohio,44105,East,FUR-BO-10004357,Furniture,Bookcases,O'Sullivan Living Dimensions 3-Shelf Bookcases,301.47,3,0.5,-241.176,0,423.648,47.6604,252.36733333333336,-64.50519999999999,0,1
9132,CA-2017-100055,2017-05-28,2017-06-01,Standard Class,MD-17860,Michael Dominguez,Corporate,United States,Laurel,Maryland,20707,East,FUR-FU-10001473,Furniture,Furnishings,DAX Wood Document Frame,27.46,2,0.0,9.8856,908,39.96,-23.976,41.92666666666667,-12.964466666666667,29,1
9162,CA-2016-160108,2016-12-08,2016-12-12,Standard Class,AG-10900,Arthur Gainer,Consumer,United States,Eau Claire,Wisconsin,54703,Central,FUR-BO-10003450,Furniture,Bookcases,"Bush Westfield Collection Bookcases, Dark Cherry Finish",405.86,7,0.0,32.4688,460,170.072,-12.148,228.11066666666667,-28.4564,15,1
9163,CA-2016-160108,2016-12-08,2016-12-12,Standard Class,AG-10900,Arthur Gainer,Consumer,United States,Eau Claire,Wisconsin,54703,Central,FUR-CH-10002335,Furniture,Chairs,Hon GuestStacker Chair,680.01,3,0.0,176.8026,460,405.86,32.4688,418.64733333333334,65.7078,15,1
9171,US-2016-155768,2016-12-01,2016-12-01,Same Day,LB-16795,Laurel Beltran,Home Office,United States,Oxnard,California,93030,West,FUR-FU-10000448,Furniture,Furnishings,Tenex Chairmats For Use With Carpeted Floors,31.96,2,0.0,1.598,953,286.85,63.107,113.71533333333333,24.1742,32,1
9186,CA-2017-156776,2017-08-07,2017-08-11,Standard Class,JL-15505,Jeremy Lonsdale,Consumer,United States,Westminster,California,92683,West,FUR-CH-10002317,Furniture,Chairs,Global Enterprise Series Seating Low-Back Swivel/Tilt Chairs,207.184,1,0.2,25.898,486,51.75,15.525,215.87933333333334,12.188066666666666,16,1
9200,CA-2014-103310,2014-05-10,2014-05-15,Standard Class,GM-14680,Greg Matthias,Consumer,United States,San Jose,California,95123,West,FUR-CH-10002320,Furniture,Chairs,Hon Pagoda Stacking Chairs,256.784,1,0.2,32.098,0,523.92,-26.196,370.43066666666664,-36.60126666666667,0,1
9201,CA-2016-152688,2016-10-17,2016-10-20,First Class,NR-18550,Nick Radford,Consumer,United States,Perth Amboy,New Jersey,8861,East,FUR-BO-10001337,Furniture,Bookcases,O'Sullivan Living Dimensions 2-Shelf Bookcases,120.98,1,0.0,12.098,863,366.744,-110.0232,243.09733333333338,-32.641733333333335,28,1
9213,CA-2014-144071,2014-12-08,2014-12-15,Standard Class,DJ-13420,Denny Joy,Corporate,United States,San Francisco,California,94110,West,FUR-FU-10000397,Furniture,Furnishings,Luxo Economy Swing Arm Lamp,39.88,2,0.0,11.1664,0,1454.9,378.274,629.2400000000001,144.22126666666665,0,1
9214,CA-2014-144071,2014-12-08,2014-12-15,Standard Class,DJ-13420,Denny Joy,Corporate,United States,San Francisco,California,94110,West,FUR-FU-10000758,Furniture,Furnishings,DAX Natural Wood-Tone Poster Frame,79.44,3,0.0,28.5984,0,39.88,11.1664,524.74,139.34626666666665,0,1
9220,US-2015-164238,2015-08-16,2015-08-20,Standard Class,JW-15955,Joni Wasserman,Consumer,United States,Philadelphia,Pennsylvania,19120,East,FUR-BO-10000780,Furniture,Bookcases,O'Sullivan Plantations 2-Door Library in Landvery Oak,301.47,3,0.5,-204.9996,0,162.6,34.146,256.17333333333335,-31.580366666666663,0,0
9222,CA-2017-103212,2017-10-13,2017-10-14,First Class,MH-18025,Michelle Huthwaite,Consumer,United States,Lafayette,Louisiana,70506,South,FUR-TA-10003473,Furniture,Tables,Bretford Rectangular Conference Table Tops,1504.52,4,0.0,346.0396,1193,88.92,14.4495,552.4406666666667,123.71203333333334,39,0
9233,CA-2016-126732,2016-09-02,2016-09-06,Standard Class,LR-16915,Lena Radford,Consumer,United States,Los Angeles,California,90036,West,FUR-FU-10001889,Furniture,Furnishings,Ultra Door Pull Handle,94.68,9,0.0,31.2444,756,335.744,25.1808,252.72799999999998,49.39933333333334,25,1
9237,CA-2016-126732,2016-09-02,2016-09-06,Standard Class,LR-16915,Lena Radford,Consumer,United States,Los Angeles,California,90036,West,FUR-TA-10001539,Furniture,Tables,Chromcraft Rectangular Conference Tables,568.728,3,0.2,28.4364,756,94.68,31.2444,333.0506666666667,28.2872,25,1
9239,CA-2017-138156,2017-02-11,2017-02-14,First Class,MM-17260,Magdelene Morse,Consumer,United States,Columbus,Ohio,43229,East,FUR-FU-10003601,Furniture,Furnishings,"Deflect-o RollaMat Studded, Beveled Mat for Medium Pile Carpeting",147.568,2,0.2,-3.6892,146,60.72,26.1096,280.02333333333337,54.27213333333333,5,1
9244,CA-2014-113271,2014-07-09,2014-07-14,Standard Class,DS-13030,Darrin Sayre,Home Office,United States,San Francisco,California,94122,West,FUR-BO-10004218,Furniture,Bookcases,"Bush Heritage Pine Collection 5-Shelf Bookcase, Albany Pine Finish, *Special Order",119.833,1,0.15,7.049,0,32.776,3.2776,79.19633333333333,9.674066666666667,0,1
9255,CA-2014-168368,2014-02-11,2014-02-15,Second Class,GA-14725,Guy Armstrong,Consumer,United States,Columbia,Missouri,65203,Central,FUR-CH-10001146,Furniture,Chairs,"Global Value Mid-Back Manager's Chair, Gray",60.89,1,0.0,15.2225,0,205.666,-12.098,94.56533333333333,3.0983,0,1
9258,CA-2014-168368,2014-02-11,2014-02-15,Second Class,GA-14725,Guy Armstrong,Consumer,United States,Columbia,Missouri,65203,Central,FUR-FU-10002298,Furniture,Furnishings,"Rubbermaid ClusterMat Chairmats, Mat Size- 66"" x 60"", Lip 20"" x 11"" -90 Degree Angle",332.94,3,0.0,53.2704,0,60.89,15.2225,199.832,18.7983,0,1
9267,CA-2014-125759,2014-02-08,2014-02-09,First Class,NM-18445,Nathan Mautz,Home Office,United States,North Las Vegas,Nevada,89031,West,FUR-FU-10002111,Furniture,Furnishings,"Master Caster Door Stop, Large Brown",14.56,2,0.0,5.5328,0,75.33,19.5858,63.160666666666664,9.202799999999998,0,1
9268,CA-2015-151869,2015-09-25,2015-09-25,Same Day,CS-11950,Carlos Soltero,Consumer,United States,Freeport,New York,11520,East,FUR-CH-10001545,Furniture,Chairs,Hon Comfortask Task/Swivel Chairs,102.582,1,0.1,6.8388,474,41.96,10.9096,68.28466666666667,7.675233333333334,15,0
9272,CA-2016-100510,2016-05-12,2016-05-17,Standard Class,HM-14860,Harry Marie,Corporate,United States,New York City,New York,10024,East,FUR-FU-10000320,Furniture,Furnishings,OIC Stacking Trays,10.02,3,0.0,4.4088,661,9.68,3.7752,225.87666666666667,-28.602,22,0
9285,CA-2014-161032,2014-11-18,2014-11-23,Standard Class,MK-17905,Michael Kennedy,Corporate,United States,Franklin,Wisconsin,53132,Central,FUR-CH-10001482,Furniture,Chairs,Office Star - Mesh Screen back chair with Vinyl seat,392.94,3,0.0,43.2234,0,30.192,8.3028,489.0173333333334,107.64846666666666,0,1
9288,CA-2017-154011,2017-06-19,2017-06-26,Standard Class,DB-13270,Deborah Brumfield,Home Office,United States,Dallas,Texas,75081,Central,FUR-TA-10000688,Furniture,Tables,"Chromcraft Bull-Nose Wood Round Conference Table Top, Wood Base",457.485,3,0.3,-84.9615,199,72.42,23.8986,311.27500000000003,-11.939300000000001,6,1
9289,US-2017-165456,2017-11-30,2017-12-03,First Class,TB-21625,Trudy Brown,Consumer,United States,Philadelphia,Pennsylvania,19134,East,FUR-CH-10003981,Furniture,Chairs,Global Commerce Series Low-Back Swivel/Tilt Chairs,1079.316,6,0.3,-15.4188,767,18.84,6.0288,450.44399999999996,-13.679,25,0
9301,US-2015-163433,2015-04-18,2015-04-22,Second Class,MP-17965,Michael Paige,Corporate,United States,Mcallen,Texas,78501,Central,FUR-CH-10000225,Furniture,Chairs,"Global Geo Office Task Chair, Gray",56.686,1,0.3,-20.245,0,231.92,5.798,647.182,72.32153333333333,0,0
9320,US-2017-108343,2017-07-20,2017-07-25,Standard Class,AR-10825,Anthony Rawles,Corporate,United States,New York City,New York,10009,East,FUR-CH-10002780,Furniture,Chairs,Office Star - Task Chair with Contemporary Loop Arms,163.764,2,0.1,25.4744,401,1115.17,334.551,542.2453333333334,111.72746666666667,13,1
9321,US-2017-108343,2017-07-20,2017-07-25,Standard Class,AR-10825,Anthony Rawles,Corporate,United States,New York City,New York,10009,East,FUR-FU-10000747,Furniture,Furnishings,Tenex B1-RE Series Chair Mats for Low Pile Carpets,183.92,4,0.0,31.2664,401,163.764,25.4744,487.618,130.4306,13,1
9335,CA-2017-110198,2017-05-01,2017-05-02,First Class,AG-10900,Arthur Gainer,Consumer,United States,Coral Springs,Florida,33065,South,FUR-BO-10001798,Furniture,Bookcases,Bush Somerset Collection Bookcase,314.352,3,0.2,-15.7176,604,680.01,176.8026,466.7406666666666,64.51793333333335,20,1
9344,CA-2017-109085,2017-02-17,2017-02-20,First Class,CK-12325,Christine Kargatis,Home Office,United States,Troy,Ohio,45373,East,FUR-TA-10001086,Furniture,Tables,"SAFCO PlanMaster Boards, 60w x 37-1/2d, White Melamine",455.97,5,0.4,-106.393,1071,159.92,31.984,585.27,70.19033333333334,35,1
9347,CA-2017-109085,2017-02-17,2017-02-20,First Class,CK-12325,Christine Kargatis,Home Office,United States,Troy,Ohio,45373,East,FUR-FU-10004973,Furniture,Furnishings,Flat Face Poster Frame,30.144,2,0.2,8.2896,1071,455.97,-106.393,215.34466666666665,-22.039799999999996,35,1
9348,CA-2017-109085,2017-02-17,2017-02-20,First Class,CK-12325,Christine Kargatis,Home Office,United States,Troy,Ohio,45373,East,FUR-CH-10003981,Furniture,Chairs,Global Commerce Series Low-Back Swivel/Tilt Chairs,899.43,5,0.3,-12.849,1071,30.144,8.2896,461.84799999999996,-36.98413333333333,35,1
9349,CA-2016-114860,2016-12-22,2016-12-28,Standard Class,DN-13690,Duane Noonan,Consumer,United States,Moreno Valley,California,92553,West,FUR-FU-10000277,Furniture,Furnishings,Deflect-o DuraMat Antistatic Studded Beveled Mat for Medium Pile Carpeting,842.72,8,0.0,202.2528,824,362.94,36.294,456.6266666666667,96.48500000000001,27,1
9350,CA-2016-114860,2016-12-22,2016-12-28,Standard Class,DN-13690,Duane Noonan,Consumer,United States,Moreno Valley,California,92553,West,FUR-FU-10001934,Furniture,Furnishings,Magnifier Swing Arm Lamp,41.96,2,0.0,10.9096,824,842.72,202.2528,415.8733333333333,83.15213333333334,27,1
9353,CA-2017-148411,2017-09-24,2017-09-26,First Class,RO-19780,Rose O'Brian,Consumer,United States,Chicago,Illinois,60623,Central,FUR-CH-10003973,Furniture,Chairs,GuestStacker Chair with Chrome Finish Legs,520.464,2,0.3,-14.8704,555,853.93,-24.398,521.4253333333334,-44.73646666666667,18,0
9359,CA-2016-168046,2016-01-25,2016-01-28,Second Class,JD-15895,Jonathan Doherty,Corporate,United States,New York City,New York,10024,East,FUR-TA-10001095,Furniture,Tables,Chromcraft Round Conference Tables,313.722,3,0.4,-99.3453,0,165.28,14.8752,295.6693333333333,-3.9785666666666657,0,1
9360,CA-2016-168046,2016-01-25,2016-01-28,Second Class,JD-15895,Jonathan Doherty,Corporate,United States,New York City,New York,10024,East,FUR-FU-10000747,Furniture,Furnishings,Tenex B1-RE Series Chair Mats for Low Pile Carpets,45.98,1,0.0,7.8166,0,313.722,-99.3453,174.994,-25.55116666666667,0,1
9364,CA-2017-111591,2017-03-21,2017-03-25,Standard Class,PS-18970,Paul Stevenson,Home Office,United States,Seattle,Washington,98105,West,FUR-FU-10002364,Furniture,Furnishings,"Eldon Expressions Wood Desk Accessories, Oak",22.14,3,0.0,6.4206,1071,187.76,76.9816,76.62666666666667,30.664533333333328,35,0
9370,CA-2017-113460,2017-11-07,2017-11-09,Second Class,KN-16390,Katherine Nockton,Corporate,United States,Clinton,Maryland,20735,East,FUR-CH-10000422,Furniture,Chairs,Global Highback Leather Tilter in Burgundy,272.97,3,0.0,43.6752,809,25.984,-3.8976,299.13733333333334,-0.9898000000000001,27,0
9371,CA-2015-111339,2015-05-29,2015-05-31,First Class,VP-21760,Victoria Pisteka,Corporate,United States,Columbus,Ohio,43229,East,FUR-FU-10002506,Furniture,Furnishings,"Tensor ""Hersey Kiss"" Styled Floor Lamp",41.568,4,0.2,-4.1568,265,37.74,12.8316,651.522,-320.0695,8,0
9372,CA-2015-111339,2015-05-29,2015-05-31,First Class,VP-21760,Victoria Pisteka,Corporate,United States,Columbus,Ohio,43229,East,FUR-CH-10000863,Furniture,Chairs,Novimex Swivel Fabric Task Chair,317.058,3,0.3,-86.0586,265,41.568,-4.1568,132.12199999999999,-25.7946,8,0
9393,CA-2015-130848,2015-10-25,2015-10-25,Same Day,DG-13300,Deirdre Greer,Corporate,United States,Denver,Colorado,80219,West,FUR-CH-10000422,Furniture,Chairs,Global Highback Leather Tilter in Burgundy,582.336,8,0.2,-29.1168,114,282.888,56.5776,344.5626666666667,-0.6734666666666685,3,1
9402,CA-2014-159814,2014-06-24,2014-06-28,Standard Class,LP-17080,Liz Pelletier,Consumer,United States,Tucson,Arizona,85705,West,FUR-FU-10001731,Furniture,Furnishings,Acrylic Self-Standing Desk Frames,4.272,2,0.2,0.9612,0,451.152,0.0,165.79466666666664,3.956933333333333,0,0
9403,CA-2016-105459,2016-08-12,2016-08-17,Second Class,NP-18700,Nora Preis,Consumer,United States,New York City,New York,10024,East,FUR-TA-10001095,Furniture,Tables,Chromcraft Round Conference Tables,209.148,2,0.4,-66.2302,609,254.9745,11.9988,1358.3235,27.05846666666667,20,1
9409,CA-2017-162789,2017-09-22,2017-09-24,Second Class,LC-17140,Logan Currie,Consumer,United States,New York City,New York,10035,East,FUR-FU-10004864,Furniture,Furnishings,Eldon 500 Class Desk Accessories,12.07,1,0.0,3.9831,1109,32.712,-26.1696,43.342666666666666,-9.425166666666666,36,1
9411,US-2017-110149,2017-12-10,2017-12-13,First Class,WB-21850,William Brown,Consumer,United States,Philadelphia,Pennsylvania,19143,East,FUR-FU-10001475,Furniture,Furnishings,"Contract Clock, 14"", Brown",87.92,5,0.2,15.386,1132,892.136,111.517,447.99199999999996,31.686666666666664,37,0
9413,CA-2015-164777,2015-01-27,2015-01-29,First Class,SC-20305,Sean Christensen,Consumer,United States,Los Angeles,California,90036,West,FUR-CH-10002024,Furniture,Chairs,HON 5400 Series Task Chairs for Big and Tall,2803.92,5,0.2,0.0,42,398.972,-28.498,1082.2839999999999,-3.3449333333333335,1,0
9417,CA-2015-127824,2015-10-18,2015-10-22,Standard Class,JC-15775,John Castell,Consumer,United States,Seattle,Washington,98115,West,FUR-FU-10002505,Furniture,Furnishings,Eldon 100 Class Desk Accessories,10.11,3,0.0,3.2352,399,435.999,5.1294,194.899,-8.760799999999998,13,1
9428,CA-2014-167486,2014-11-27,2014-12-01,Standard Class,JO-15145,Jack O'Briant,Corporate,United States,Buffalo,New York,14215,East,FUR-FU-10003268,Furniture,Furnishings,Eldon Radial Chair Mat for Low to Medium Pile Carpets,199.9,5,0.0,39.98,0,1565.88,407.1288,721.8173333333334,144.0403666666667,0,0
9429,CA-2014-152100,2014-05-11,2014-05-16,Standard Class,VW-21775,Victoria Wilson,Corporate,United States,Huntsville,Texas,77340,Central,FUR-CH-10000015,Furniture,Chairs,Hon Multipurpose Stacking Arm Chairs,1212.96,8,0.3,-69.312,0,661.176,-231.4116,631.832,-97.53559999999999,0,1
9431,CA-2015-166219,2015-08-28,2015-09-01,Standard Class,BP-11185,Ben Peterman,Corporate,United States,Dallas,Texas,75081,Central,FUR-TA-10004607,Furniture,Tables,Hon 2111 Invitation Series Straight Table,103.481,1,0.3,-16.2613,0,101.12,37.4144,115.32433333333334,2.338633333333334,0,0
9448,CA-2017-136882,2017-05-27,2017-06-03,Standard Class,DN-13690,Duane Noonan,Consumer,United States,Tulsa,Oklahoma,74133,Central,FUR-FU-10003664,Furniture,Furnishings,"Electrix Architect's Clamp-On Swing Arm Lamp, Black",477.3,5,0.0,138.417,980,41.96,10.9096,453.99333333333334,117.19313333333334,32,1
9466,CA-2016-126858,2016-11-19,2016-11-23,Standard Class,JM-15265,Janet Molinari,Corporate,United States,Seattle,Washington,98115,West,FUR-FU-10000448,Furniture,Furnishings,Tenex Chairmats For Use With Carpeted Floors,31.96,2,0.0,1.598,817,6.28,2.6376,22.213333333333335,5.103866666666667,27,0
9474,CA-2017-102925,2017-11-05,2017-11-10,Second Class,CD-12280,Christina DeMoss,Consumer,United States,New York City,New York,10024,East,FUR-FU-10004245,Furniture,Furnishings,"Career Cubicle Clock, 8 1/4"", Black",101.4,5,0.0,38.532,0,128.124,24.2012,132.008,-1.2889333333333326,0,0
9477,CA-2015-100818,2015-05-31,2015-06-05,Second Class,JM-15265,Janet Molinari,Corporate,United States,Chicago,Illinois,60653,Central,FUR-FU-10002703,Furniture,Furnishings,"Tenex Traditional Chairmats for Hard Floors, Average Lip, 36"" x 48""",51.56,2,0.6,-61.872,279,31.96,1.598,29.933333333333337,-19.212133333333334,9,0
9485,CA-2016-164770,2016-12-02,2016-12-04,Second Class,MY-18295,Muhammed Yedwab,Corporate,United States,Houston,Texas,77036,Central,FUR-BO-10003893,Furniture,Bookcases,Sauder Camden County Collection Library,781.864,10,0.32,-137.976,739,387.136,4.8392,593.3526666666667,-56.01813333333333,25,1
9487,CA-2017-130505,2017-10-12,2017-10-12,Same Day,NF-18385,Natalie Fritzler,Consumer,United States,Wheeling,West Virginia,26003,East,FUR-TA-10001932,Furniture,Tables,"Chromcraft 48"" x 96"" Racetrack Double Pedestal Table",673.344,3,0.3,-76.9536,1339,1256.22,75.3732,730.8093333333333,22.4738,44,0
9494,CA-2016-105207,2016-01-03,2016-01-08,Standard Class,BO-11350,Bill Overfelt,Corporate,United States,Broken Arrow,Oklahoma,74012,Central,FUR-TA-10000617,Furniture,Tables,"Hon Practical Foundations 30 x 60 Training Table, Light Gray/Charcoal",1592.85,7,0.0,350.427,0,210.58,12.6348,725.6333333333333,83.67360000000001,0,1
9513,CA-2017-142461,2017-05-30,2017-06-03,Second Class,KT-16480,Kean Thornton,Consumer,United States,Dallas,Texas,75217,Central,FUR-BO-10001811,Furniture,Bookcases,"Atlantic Metals Mobile 5-Shelf Bookcases, Custom Colors",204.6664,1,0.32,-6.0196,1114,700.056,-130.0104,401.8841333333334,-56.80733333333333,36,1
9533,CA-2016-116596,2016-10-27,2016-10-31,Standard Class,BW-11200,Ben Wallace,Consumer,United States,New York City,New York,10011,East,FUR-CH-10000553,Furniture,Chairs,"Metal Folding Chairs, Beige, 4/Carton",427.644,14,0.1,80.7772,807,85.44,31.6128,268.02133333333336,62.681599999999996,26,1
9537,CA-2017-124191,2017-06-12,2017-06-14,Second Class,TS-21610,Troy Staebel,Consumer,United States,Chicago,Illinois,60610,Central,FUR-FU-10002364,Furniture,Furnishings,"Eldon Expressions Wood Desk Accessories, Oak",8.856,3,0.6,-6.8634,1031,10.476,-6.8094,410.76400000000007,25.7664,34,0
9541,CA-2015-135727,2015-05-11,2015-05-16,Second Class,PS-18970,Paul Stevenson,Home Office,United States,Phoenix,Arizona,85023,West,FUR-CH-10004540,Furniture,Chairs,Global Chrome Stack Chair,191.968,7,0.2,16.7972,391,22.14,6.4206,133.956,33.3998,13,0
9554,CA-2016-125724,2016-09-22,2016-09-27,Standard Class,SM-20950,Suzanne McNair,Corporate,United States,Broomfield,Colorado,80020,West,FUR-FU-10000246,Furniture,Furnishings,Aluminum Document Frame,68.432,7,0.2,8.554,724,192.186,36.3018,109.26466666666668,8.234333333333337,24,0
9555,CA-2015-111612,2015-11-28,2015-12-02,Standard Class,EB-14110,Eugene Barchas,Consumer,United States,Columbus,Ohio,43229,East,FUR-FU-10003799,Furniture,Furnishings,"Seth Thomas 13 1/2"" Wall Clock",71.12,5,0.2,9.779,229,241.568,-15.098,120.42133333333334,1.4653999999999996,7,1
9566,CA-2014-130428,2014-03-31,2014-03-31,Same Day,TG-21640,Trudy Glocke,Consumer,United States,Tampa,Florida,33614,South,FUR-CH-10002965,Furniture,Chairs,"Global Leather Highback Executive Chair with Pneumatic Height Adjustment, Black",1125.488,7,0.2,98.4802,0,135.3,37.884,538.716,76.2526,0,1
9575,CA-2015-148495,2015-08-13,2015-08-13,Same Day,SF-20065,Sandra Flanagan,Consumer,United States,Pomona,California,91767,West,FUR-FU-10001889,Furniture,Furnishings,Ultra Door Pull Handle,31.56,3,0.0,10.4148,337,254.9,76.47,119.27733333333333,28.621733333333335,11,1
9576,CA-2015-143147,2015-05-26,2015-05-28,Second Class,PS-18760,Pamela Stobb,Consumer,United States,San Antonio,Texas,78207,Central,FUR-CH-10000863,Furniture,Chairs,Novimex Swivel Fabric Task Chair,105.686,1,0.3,-28.6862,0,354.9,88.725,226.31266666666667,13.64433333333333,0,1
9578,CA-2015-143147,2015-05-26,2015-05-28,Second Class,PS-18760,Pamela Stobb,Consumer,United States,San Antonio,Texas,78207,Central,FUR-CH-10004754,Furniture,Chairs,"Global Stack Chair with Arms, Black",104.93,5,0.3,-4.497,0,105.686,-28.6862,188.5053333333333,18.51393333333333,0,1
9604,CA-2016-129861,2016-06-17,2016-06-23,Standard Class,DM-13345,Denise Monton,Corporate,United States,Rochester,New York,14609,East,FUR-TA-10003715,Furniture,Tables,Hon 2111 Invitation Series Corner Table,376.866,3,0.4,-213.5574,428,127.764,2.8392,186.97,-64.9866,14,1
9610,CA-2016-130638,2016-05-16,2016-05-19,Second Class,SC-20095,Sanjit Chand,Consumer,United States,Los Angeles,California,90045,West,FUR-FU-10002116,Furniture,Furnishings,"Tenex Carpeted, Granite-Look or Clear Contemporary Contour Shape Chair Mats",282.84,4,0.0,19.7988,824,66.69,22.0077,243.65666666666667,21.882166666666667,27,1
9626,CA-2017-137449,2017-06-29,2017-06-30,First Class,ME-17725,Max Engle,Consumer,United States,Dallas,Texas,75220,Central,FUR-BO-10000780,Furniture,Bookcases,O'Sullivan Plantations 2-Door Library in Landvery Oak,409.9992,3,0.32,-96.4704,0,307.314,-39.5118,473.0910666666667,10.829400000000001,0,0
9636,CA-2014-151330,2014-10-14,2014-10-17,First Class,TC-21295,Toby Carlisle,Consumer,United States,Everett,Massachusetts,2149,East,FUR-CH-10000749,Furniture,Chairs,Office Star - Ergonomic Mid Back Chair with 2-Way Adjustable Arms,1628.82,9,0.0,260.6112,0,18.84,7.9128,641.4499999999999,106.1094,0,1
9637,CA-2014-124702,2014-11-18,2014-11-25,Standard Class,MH-17785,Maya Herman,Corporate,United States,Seattle,Washington,98105,West,FUR-FU-10003553,Furniture,Furnishings,"Howard Miller 13-1/2"" Diameter Rosebrook Wall Clock",137.54,2,0.0,55.016,175,15.24,5.1816,239.96666666666667,10.613866666666665,6,1
9638,CA-2014-124702,2014-11-18,2014-11-25,Standard Class,MH-17785,Maya Herman,Corporate,United States,Seattle,Washington,98105,West,FUR-TA-10003008,Furniture,Tables,"Lesro Round Back Collection Coffee Table, End Table",730.2,4,0.0,94.926,175,137.54,55.016,294.32666666666665,51.70786666666667,6,1
9643,CA-2014-104563,2014-03-07,2014-03-12,Standard Class,CM-12715,Craig Molinari,Corporate,United States,Seattle,Washington,98103,West,FUR-CH-10002780,Furniture,Chairs,Office Star - Task Chair with Contemporary Loop Arms,436.704,6,0.2,21.8352,0,1227.9984,-36.1176,561.9621333333333,-3.1720000000000006,0,1
9644,CA-2014-104563,2014-03-07,2014-03-12,Standard Class,CM-12715,Craig Molinari,Corporate,United States,Seattle,Washington,98103,West,FUR-CH-10004495,Furniture,Chairs,"Global Leather and Oak Executive Chair, Black",481.568,2,0.2,54.1764,0,436.704,21.8352,715.4234666666666,13.298,0,1
9650,CA-2016-107104,2016-11-26,2016-11-30,Standard Class,MS-17365,Maribeth Schnelling,Consumer,United States,Los Angeles,California,90045,West,FUR-BO-10002213,Furniture,Bookcases,DMI Eclipse Executive Suite Bookcases,3406.664,8,0.15,160.3136,632,4.712,-1.8848,1265.1833333333334,62.769666666666666,20,1
9653,CA-2016-107104,2016-11-26,2016-11-30,Standard Class,MS-17365,Maribeth Schnelling,Consumer,United States,Los Angeles,California,90045,West,FUR-FU-10002937,Furniture,Furnishings,"GE 48"" Fluorescent Tube, Cool White Energy Saver, 34 Watts, 30/Box",595.38,6,0.0,297.69,632,3406.664,160.3136,1335.5853333333334,152.03959999999998,20,1
9656,CA-2014-156160,2014-09-22,2014-09-29,Standard Class,AS-10090,Adam Shillingsburg,Consumer,United States,New York City,New York,10035,East,FUR-FU-10001876,Furniture,Furnishings,"Computer Room Manger, 14""",97.44,3,0.0,35.0784,0,353.568,-44.196,157.84,-2.2887999999999997,0,1
9659,CA-2014-156160,2014-09-22,2014-09-29,Standard Class,AS-10090,Adam Shillingsburg,Consumer,United States,New York City,New York,10035,East,FUR-CH-10004983,Furniture,Chairs,Office Star - Mid Back Dual function Ergonomic High Back Chair with 2-Way Adjustable Arms,579.528,4,0.1,83.7096,0,97.44,35.0784,343.512,24.864,0,1
9666,CA-2017-157448,2017-11-16,2017-11-20,Standard Class,LC-16885,Lena Creighton,Consumer,United States,Los Angeles,California,90049,West,FUR-FU-10003268,Furniture,Furnishings,Eldon Radial Chair Mat for Low to Medium Pile Carpets,119.94,3,0.0,23.988,727,483.136,54.3528,289.8093333333333,21.674400000000002,24,0
9667,CA-2017-157448,2017-11-16,2017-11-20,Standard Class,LC-16885,Lena Creighton,Consumer,United States,Los Angeles,California,90049,West,FUR-FU-10001847,Furniture,Furnishings,Eldon Image Series Black Desk Accessories,12.42,3,0.0,4.4712,727,119.94,23.988,205.16533333333334,27.604,24,0
9684,CA-2017-122770,2017-12-13,2017-12-18,Standard Class,EP-13915,Emily Phan,Consumer,United States,San Francisco,California,94122,West,FUR-FU-10001473,Furniture,Furnishings,"Eldon Executive Woodline II Desk Accessories, Mahogany",201.04,8,0.0,54.2808,421,956.6648,-225.0976,673.6109333333333,-110.37066666666665,14,0
9692,CA-2015-130183,2015-11-13,2015-11-17,Standard Class,PO-18850,Patrick O'Brill,Consumer,United States,Houston,Texas,77041,Central,FUR-BO-10001811,Furniture,Bookcases,"Atlantic Metals Mobile 5-Shelf Bookcases, Custom Colors",613.9992,3,0.32,-18.0588,0,517.405,-81.3065,417.8467333333333,-37.70186666666667,0,0
9707,CA-2016-161746,2016-10-21,2016-10-27,Standard Class,CS-11950,Carlos Soltero,Consumer,United States,Los Angeles,California,90045,West,FUR-CH-10004626,Furniture,Chairs,Office Star Flex Back Scooter Chair with Aluminum Finish Frame,242.136,3,0.2,12.1068,866,102.582,6.8388,128.89266666666666,9.951733333333333,28,0
9709,CA-2016-161746,2016-10-21,2016-10-27,Standard Class,CS-11950,Carlos Soltero,Consumer,United States,Los Angeles,California,90045,West,FUR-FU-10003731,Furniture,Furnishings,"Eldon Expressions Wood and Plastic Desk Accessories, Oak",19.96,2,0.0,5.5888,866,242.136,12.1068,121.55933333333333,8.178133333333333,28,0
9711,CA-2014-114251,2014-11-05,2014-11-10,Standard Class,MD-17350,Maribeth Dona,Consumer,United States,Philadelphia,Pennsylvania,19143,East,FUR-FU-10001468,Furniture,Furnishings,Tenex Antistatic Computer Chair Mats,273.568,2,0.2,-34.196,0,933.408,-173.3472,430.74066666666675,-69.58699999999999,0,1
9722,CA-2016-105781,2016-02-16,2016-02-20,Standard Class,JF-15565,Jill Fjeld,Consumer,United States,New York City,New York,10024,East,FUR-CH-10001802,Furniture,Chairs,Hon Every-Day Chair Series Swivel Task Chairs,326.646,3,0.1,39.9234,236,204.85,57.358,186.58933333333334,34.54753333333333,8,0
9746,CA-2017-137505,2017-11-24,2017-11-24,Same Day,BP-11290,Beth Paige,Consumer,United States,Los Angeles,California,90008,West,FUR-TA-10000617,Furniture,Tables,"Hon Practical Foundations 30 x 60 Training Table, Light Gray/Charcoal",364.08,2,0.2,9.102,1148,191.079,-38.2158,195.74099999999999,-13.979800000000003,37,0
9747,CA-2017-137505,2017-11-24,2017-11-24,Same Day,BP-11290,Beth Paige,Consumer,United States,Los Angeles,California,90008,West,FUR-TA-10001676,Furniture,Tables,Hon 61000 Series Interactive Training Tables,71.088,2,0.2,-1.7772,1148,364.08,9.102,208.74900000000002,-10.297,37,0
9748,US-2014-140914,2014-11-11,2014-11-15,Standard Class,BH-11710,Brosina Hoffman,Consumer,United States,Chicago,Illinois,60653,Central,FUR-FU-10000175,Furniture,Furnishings,DAX Wood Document Frame.,10.984,2,0.6,-7.9634,155,1706.184,85.3092,588.6759999999999,30.505066666666664,5,1
9749,US-2014-140914,2014-11-11,2014-11-15,Standard Class,BH-11710,Brosina Hoffman,Consumer,United States,Chicago,Illinois,60653,Central,FUR-CH-10003379,Furniture,Chairs,Global Commerce Series High-Back Swivel/Tilt Chairs,797.944,4,0.3,-56.996,155,10.984,-7.9634,838.3706666666667,6.783266666666667,5,1
9757,CA-2017-113705,2017-03-27,2017-03-29,Second Class,LC-16870,Lena Cacioppo,Consumer,United States,Richmond,Virginia,23223,South,FUR-TA-10002533,Furniture,Tables,BPI Conference Tables,292.1,2,0.0,58.42,500,145.98,-99.2664,199.04,-78.5568,16,0
9760,CA-2016-146913,2016-10-31,2016-11-05,Standard Class,SF-20965,Sylvia Foulston,Corporate,United States,San Francisco,California,94109,West,FUR-CH-10001854,Furniture,Chairs,Office Star - Professional Matrix Back Chair with 2-to-1 Synchro Tilt and Mesh Fabric Seat,1403.92,5,0.2,70.196,410,21.936,-10.4196,575.9386666666667,49.11493333333333,13,1
9770,CA-2016-123533,2016-11-24,2016-11-30,Standard Class,SC-20050,Sample Company A,Home Office,United States,Hialeah,Florida,33012,South,FUR-BO-10001619,Furniture,Bookcases,O'Sullivan Cherrywood Estates Traditional Bookcase,339.92,5,0.2,8.498,982,111.0,14.43,159.5,11.503866666666667,32,0
9776,CA-2014-169019,2014-07-26,2014-07-30,Standard Class,LF-17185,Luke Foster,Consumer,United States,San Antonio,Texas,78207,Central,FUR-FU-10004666,Furniture,Furnishings,DAX Clear Channel Poster Frame,17.496,3,0.6,-10.0602,0,128.9,15.468,56.790666666666674,-2.9926,0,0
9785,CA-2015-149748,2015-05-31,2015-06-02,Second Class,EM-13825,Elizabeth Moffitt,Corporate,United States,Paterson,New Jersey,7501,East,FUR-FU-10001847,Furniture,Furnishings,Eldon Image Series Black Desk Accessories,8.28,2,0.0,2.9808,0,21.204,-11.6622,70.808,6.2532,0,1
9788,CA-2017-144491,2017-03-27,2017-04-01,Standard Class,CJ-12010,Caroline Jumper,Consumer,United States,Houston,Texas,77070,Central,FUR-BO-10001811,Furniture,Bookcases,"Atlantic Metals Mobile 5-Shelf Bookcases, Custom Colors",1023.332,5,0.32,-30.098,382,2803.92,0.0,1586.838,-162.74826666666667,12,1
9789,CA-2017-144491,2017-03-27,2017-04-01,Standard Class,CJ-12010,Caroline Jumper,Consumer,United States,Houston,Texas,77070,Central,FUR-CH-10004063,Furniture,Chairs,Global Deluxe High-Back Manager's Chair,600.558,3,0.3,-8.5794,382,1023.332,-30.098,1475.9366666666667,-12.892466666666666,12,1
9791,CA-2017-144491,2017-03-27,2017-04-01,Standard Class,CJ-12010,Caroline Jumper,Consumer,United States,Houston,Texas,77070,Central,FUR-CH-10001714,Furniture,Chairs,"Global Leather & Oak Executive Chair, Burgundy",211.246,2,0.3,-66.3916,382,600.558,-8.5794,611.712,-35.022999999999996,12,1
9793,CA-2014-127166,2014-05-21,2014-05-23,Second Class,KH-16360,Katherine Hughes,Consumer,United States,Houston,Texas,77070,Central,FUR-CH-10003396,Furniture,Chairs,Global Deluxe Steno Chair,107.772,2,0.3,-29.2524,0,258.75,77.625,222.5006666666667,45.21893333333333,0,0
9805,CA-2015-122973,2015-07-18,2015-07-20,Second Class,PJ-19015,Pauline Johnson,Consumer,United States,New York City,New York,10024,East,FUR-FU-10002364,Furniture,Furnishings,"Eldon Expressions Wood Desk Accessories, Oak",7.38,1,0.0,2.1402,467,146.04,-12.7785,54.126666666666665,-2.6202333333333327,15,1
9806,CA-2016-136322,2016-10-21,2016-10-26,Standard Class,AP-10720,Anne Pryor,Home Office,United States,Fort Lauderdale,Florida,33311,South,FUR-FU-10002878,Furniture,Furnishings,"Seth Thomas 14"" Day/Date Wall Clock",45.568,2,0.2,9.6832,43,79.974,-29.3238,50.391333333333336,-5.265266666666666,1,0
9808,CA-2017-107209,2017-07-27,2017-08-01,Second Class,JW-15955,Joni Wasserman,Consumer,United States,Raleigh,North Carolina,27604,South,FUR-CH-10001146,Furniture,Chairs,"Global Value Mid-Back Manager's Chair, Gray",194.848,4,0.2,12.178,711,301.47,-204.9996,219.63933333333338,-52.89186666666666,23,0
9818,CA-2015-162201,2015-06-08,2015-06-12,Standard Class,AG-10495,Andrew Gjertsen,Corporate,United States,Saint Petersburg,Florida,33710,South,FUR-FU-10001185,Furniture,Furnishings,"Advantus Employee of the Month Certificate Frame, 11 x 13-1/2",173.208,7,0.2,45.4671,155,192.22,69.1992,237.59633333333332,15.064700000000002,5,1
9827,US-2014-164406,2014-08-15,2014-08-19,Standard Class,BD-11605,Brian Dahlen,Consumer,United States,San Francisco,California,94122,West,FUR-CH-10003833,Furniture,Chairs,Novimex Fabric Task Chair,195.136,4,0.2,-12.196,214,170.786,0.0,233.30700000000002,-2.7555333333333336,7,1
9830,US-2017-152842,2017-07-16,2017-07-23,Standard Class,NF-18385,Natalie Fritzler,Consumer,United States,Charlotte,North Carolina,28205,South,FUR-CH-10004218,Furniture,Chairs,"Global Fabric Manager's Chair, Dark Gray",242.352,3,0.2,15.147,1251,673.344,-76.9536,723.9720000000001,4.522200000000001,41,0
9832,CA-2014-113257,2014-12-16,2014-12-18,Second Class,SC-20305,Sean Christensen,Consumer,United States,Beaumont,Texas,77705,Central,FUR-FU-10001706,Furniture,Furnishings,Longer-Life Soft White Bulbs,8.624,7,0.6,-2.5872,0,2803.92,0.0,1070.5053333333333,-10.361733333333333,0,0
9835,CA-2016-126627,2016-10-10,2016-10-12,First Class,WB-21850,William Brown,Consumer,United States,La Porte,Texas,77571,Central,FUR-FU-10004963,Furniture,Furnishings,"Eldon 400 Class Desk Accessories, Black Carbon",14.0,4,0.6,-6.3,706,87.92,15.386,331.3519999999999,40.201,23,0
9843,US-2016-125402,2016-09-25,2016-10-01,Standard Class,DL-12865,Dan Lawera,Consumer,United States,Long Beach,California,90805,West,FUR-CH-10000665,Furniture,Chairs,"Global Airflow Leather Mesh Back Chair, Black",483.136,4,0.2,60.392,711,187.056,11.691,228.52533333333335,25.37376666666667,23,1
9848,CA-2017-169327,2017-09-02,2017-09-04,Second Class,MH-17290,Marc Harrigan,Home Office,United States,Los Angeles,California,90008,West,FUR-FU-10004188,Furniture,Furnishings,Luxo Professional Combination Clamp-On Lamps,511.5,5,0.0,132.99,445,154.764,-46.4292,421.8096666666667,40.601933333333335,15,1
9851,CA-2016-158155,2016-05-02,2016-05-06,Standard Class,EH-13765,Edward Hooks,Corporate,United States,New York City,New York,10009,East,FUR-FU-10000732,Furniture,Furnishings,Eldon 200 Class Desk Accessories,12.56,2,0.0,4.0192,235,563.24,56.324,201.35999999999999,22.56533333333333,8,1
9854,CA-2016-158155,2016-05-02,2016-05-06,Standard Class,EH-13765,Edward Hooks,Corporate,United States,New York City,New York,10009,East,FUR-FU-10002253,Furniture,Furnishings,"Howard Miller 13"" Diameter Pewter Finish Round Wall Clock",214.7,5,0.0,83.733,235,12.56,4.0192,263.5,48.0254,8,1
9855,CA-2017-138870,2017-06-19,2017-06-23,Standard Class,GA-14515,George Ashbrook,Consumer,United States,San Francisco,California,94109,West,FUR-FU-10002396,Furniture,Furnishings,"DAX Copper Panel Document Frame, 5 x 7 Size",50.32,4,0.0,21.1344,0,172.764,32.6332,166.59133333333332,34.52393333333333,0,1
9858,CA-2015-164301,2015-03-26,2015-03-30,Standard Class,EB-13840,Ellis Ballard,Corporate,United States,Seattle,Washington,98103,West,FUR-TA-10001889,Furniture,Tables,Bush Advantage Collection Racetrack Conference Table,3393.68,8,0.0,610.8624,103,94.428,-42.4926,1313.0866666666666,189.45659999999998,3,0
9869,CA-2014-114195,2014-11-01,2014-11-03,First Class,EA-14035,Erin Ashbrook,Corporate,United States,Mason,Ohio,45040,East,FUR-FU-10002253,Furniture,Furnishings,"Howard Miller 13"" Diameter Pewter Finish Round Wall Clock",68.704,2,0.2,16.3172,0,135.8,66.542,244.31133333333332,27.619733333333333,0,1
9894,US-2016-115441,2016-07-25,2016-07-28,Second Class,SH-19975,Sally Hughsby,Corporate,United States,Milwaukee,Wisconsin,53209,Central,FUR-CH-10004626,Furniture,Chairs,Office Star Flex Back Scooter Chair with Aluminum Finish Frame,403.56,4,0.0,96.8544,593,70.68,31.0992,260.45866666666666,38.812000000000005,19,0
9895,US-2016-115441,2016-07-25,2016-07-28,Second Class,SH-19975,Sally Hughsby,Corporate,United States,Milwaukee,Wisconsin,53209,Central,FUR-FU-10001756,Furniture,Furnishings,"Eldon Expressions Desk Accessory, Wood Photo Frame, Mahogany",95.2,5,0.0,27.608,593,403.56,96.8544,189.81333333333336,51.85386666666667,19,0
9899,CA-2016-112830,2016-06-06,2016-06-10,Standard Class,LP-17095,Liz Preis,Consumer,United States,Fairfield,Ohio,45014,East,FUR-FU-10004845,Furniture,Furnishings,"Deflect-o EconoMat Nonstudded, No Bevel Mat",82.64,2,0.2,0.0,0,466.32,34.974,206.11166666666668,-4.067,0,1
9900,US-2014-117380,2014-03-28,2014-04-03,Standard Class,MP-18175,Mike Pelletier,Home Office,United States,Springfield,Ohio,45503,East,FUR-TA-10000198,Furniture,Tables,Chromcraft Bull-Nose Wood Oval Conference Tables & Bases,330.588,1,0.4,-143.2548,0,564.195,-304.6653,390.24500000000006,-161.9545,0,0
9904,CA-2014-122609,2014-11-12,2014-11-18,Standard Class,DP-13000,Darren Powers,Consumer,United States,Carrollton,Texas,75007,Central,FUR-FU-10004587,Furniture,Furnishings,"GE General Use Halogen Bulbs, 100 Watts, 1 Bulb per Pack",25.128,3,0.6,-6.9102,0,64.96,-43.848,60.02599999999999,-11.220033333333333,0,1
9908,US-2015-129007,2015-09-13,2015-09-15,First Class,KD-16615,Ken Dana,Corporate,United States,Anaheim,California,92804,West,FUR-CH-10000155,Furniture,Chairs,Global Comet Stacking Armless Chair,717.72,3,0.2,71.772,0,131.88,55.3896,320.49600000000004,49.846399999999996,0,1
9909,US-2015-129007,2015-09-13,2015-09-15,First Class,KD-16615,Ken Dana,Corporate,United States,Anaheim,California,92804,West,FUR-FU-10002379,Furniture,Furnishings,Eldon Econocleat Chair Mats for Low Pile Carpets,207.35,5,0.0,24.882,0,717.72,71.772,352.31666666666666,50.6812,0,1
9910,US-2015-129007,2015-09-13,2015-09-15,First Class,KD-16615,Ken Dana,Corporate,United States,Anaheim,California,92804,West,FUR-FU-10004018,Furniture,Furnishings,Tensor Computer Mounted Lamp,44.67,3,0.0,12.0609,0,207.35,24.882,323.24666666666667,36.2383,0,1
9913,CA-2015-132388,2015-10-10,2015-10-12,First Class,KN-16390,Katherine Nockton,Corporate,United States,Santa Barbara,California,93101,West,FUR-CH-10001714,Furniture,Chairs,"Global Leather & Oak Executive Chair, Burgundy",362.136,3,0.2,-54.3204,50,272.97,43.6752,220.36333333333337,-4.8476,2,0
9920,CA-2016-149272,2016-03-15,2016-03-19,Standard Class,MY-18295,Muhammed Yedwab,Corporate,United States,Bryan,Texas,77803,Central,FUR-CH-10000863,Furniture,Chairs,Novimex Swivel Fabric Task Chair,528.43,5,0.3,-143.431,477,781.864,-137.976,565.81,-92.18926666666668,16,1
9932,CA-2015-104948,2015-11-13,2015-11-17,Standard Class,KH-16510,Keith Herrera,Consumer,United States,San Bernardino,California,92404,West,FUR-BO-10004357,Furniture,Bookcases,O'Sullivan Living Dimensions 3-Shelf Bookcases,683.332,4,0.15,-40.196,148,60.84,19.4688,285.91333333333324,-13.060666666666664,5,0
9938,CA-2016-164889,2016-06-03,2016-06-06,Second Class,CP-12340,Christine Phan,Corporate,United States,Los Angeles,California,90049,West,FUR-TA-10001676,Furniture,Tables,Hon 61000 Series Interactive Training Tables,71.088,2,0.2,-1.7772,809,613.908,-122.7816,585.524,-226.0688,27,1
9939,CA-2016-169824,2016-12-12,2016-12-17,Standard Class,NS-18640,Noel Staavos,Corporate,United States,New York City,New York,10009,East,FUR-FU-10004864,Furniture,Furnishings,Eldon 500 Class Desk Accessories,60.35,5,0.0,19.9155,901,4.712,1.4136,46.282000000000004,-18.714700000000004,30,1
9948,CA-2017-121559,2017-06-01,2017-06-03,Second Class,HW-14935,Helen Wasserman,Corporate,United States,Indianapolis,Indiana,46203,Central,FUR-CH-10003746,Furniture,Chairs,Hon 4070 Series Pagoda Round Back Stacking Chairs,1925.88,6,0.0,539.2464,213,368.97,81.1734,1040.008,167.5126,8,1
9956,CA-2015-141593,2015-12-14,2015-12-16,Second Class,DB-12970,Darren Budd,Corporate,United States,Los Angeles,California,90045,West,FUR-TA-10002622,Furniture,Tables,"Bush Andora Conference Table, Maple/Graphite Gray Finish",273.568,2,0.2,10.2588,397,866.646,173.3292,484.4633333333333,21.179066666666657,13,1
9963,CA-2015-168088,2015-03-19,2015-03-22,First Class,CM-12655,Corinna Mitchell,Home Office,United States,Houston,Texas,77041,Central,FUR-BO-10004218,Furniture,Bookcases,"Bush Heritage Pine Collection 5-Shelf Bookcase, Albany Pine Finish, *Special Order",383.4656,4,0.32,-67.6704,0,521.96,88.7332,316.00853333333333,12.558933333333334,0,0
9965,CA-2016-146374,2016-12-05,2016-12-10,Second Class,HE-14800,Harold Engle,Corporate,United States,Newark,Delaware,19711,East,FUR-FU-10002671,Furniture,Furnishings,Electrix 20W Halogen Replacement Bulb for Zoom-In Desk Lamp,13.4,1,0.0,6.432,0,99.95,22.9885,51.11000000000001,12.871966666666665,0,0
9981,US-2015-151435,2015-09-06,2015-09-09,Second Class,SW-20455,Shaun Weien,Consumer,United States,Lafayette,Louisiana,70506,South,FUR-TA-10001039,Furniture,Tables,KI Adjustable-Height Table,85.98,1,0.0,22.3548,0,225.296,22.5296,106.39333333333333,15.686,0,1
9990,CA-2014-110422,2014-01-21,2014-01-23,Second Class,TB-21400,Tom Boeckenhauer,Consumer,United States,Miami,Florida,33180,South,FUR-FU-10001889,Furniture,Furnishings,Ultra Door Pull Handle,25.248,3,0.2,4.1028,0,174.42,41.8608,340.516,86.5508,0,1
9991,CA-2017-121258,2017-02-26,2017-03-03,Standard Class,DB-13060,Dave Brooks,Consumer,United States,Costa Mesa,California,92627,West,FUR-FU-10000747,Furniture,Furnishings,Tenex B1-RE Series Chair Mats for Low Pile Carpets,91.96,2,0.0,15.6332,1093,56.328,-26.7558,138.21333333333334,-101.36993333333332,35,0
